id,ScrapperOrder,Link,ApartmentName,Address,RentStudio,Rent1BD,Rent2BDS,Rent3BDS,Rent4BDS,Rent5BDS,Images
1,1680719488-2378,https://www.zillow.com/b/royal-gardens-apartments-pittsburgh-pa-5Y2YQv/,Royal Gardens Apartments ," 6236 5th Ave, Pittsburgh, PA",0,"1,449","1,570","1,890",0,0,"https://photos.zillowstatic.com/fp/dd0af51287f449765b34b99398218bb5-cc_ft_960.jpg,https://photos.zillowstatic.com/fp/b86e2cb7b776fd7969d8c5314619657c-cc_ft_960.jpg,https://photos.zillowstatic.com/fp/113b80a6b154a96d184656da955de431-cc_ft_960.jpg,https://photos.zillowstatic.com/fp/2071a241256e452c040ff17fcd2d8597-cc_ft_960.jpg,https://photos.zillowstatic.com/fp/381b866327e3c18cd5f4281884805bcb-cc_ft_960.jpg"
2,1680719492-2383,https://www.zillow.com/b/743-%40-howell-mill-apartments-atlanta-ga-5XhtM9/,743 @ Howell Mill Apartments ," 743 Holmes St NW, Atlanta, GA","1,100","1,200","1,350",0,0,0,"https://photos.zillowstatic.com/fp/1cb1d74f9524d8b2b6620caa30cafb29-cc_ft_960.jpg,https://photos.zillowstatic.com/fp/73c5749644c4a4f2d521715f96342fb5-cc_ft_960.jpg,https://photos.zillowstatic.com/fp/968c5306696b5ce16aca2c14feb81e72-cc_ft_960.jpg,https://photos.zillowstatic.com/fp/db168b97ca6d5ee772b7fc88c533752a-cc_ft_960.jpg,https://photos.zillowstatic.com/fp/3b5672a6a4086a50e8f39fe3f44a4b80-cc_ft_960.jpg"
3,1680719495-2388,https://www.zillow.com/b/lebanon-vue-pittsburgh-pa-5fwmff/,Lebanon Vue ," 400 Cochran Rd, Pittsburgh, PA",0,"1,050","1,250","1,500",0,0,"https://photos.zillowstatic.com/fp/038263247e98c2829d92b7df71b985d5-cc_ft_960.jpg,https://photos.zillowstatic.com/fp/3393dafb1b2e85e377e9cb5c060b12ed-cc_ft_960.jpg,https://photos.zillowstatic.com/fp/3393dafb1b2e85e377e9cb5c060b12ed-cc_ft_960.jpg,https://photos.zillowstatic.com/fp/06fd6f6d0f67a83e598575a5eccd0173-cc_ft_960.jpg,https://photos.zillowstatic.com/fp/bef0717fcd16b0559e21b98351406247-cc_ft_960.jpg"
4,1680719499-2393,https://www.zillow.com/b/33ninety-apartments-atlanta-ga-5XhtrQ/,33Ninety Apartments ," 3390 Fairburn Rd SW, Atlanta, GA",0,960,"1,165","1,360",0,0,"https://photos.zillowstatic.com/fp/bd40cd5f7d227e3d2fd2fe7c58838d4c-cc_ft_960.jpg,https://photos.zillowstatic.com/fp/e61c8c452c624f48a73ebe9fe50b0c17-cc_ft_960.jpg,https://photos.zillowstatic.com/fp/107aaf4e618391fd1721b70ef217e1c7-cc_ft_960.jpg,https://photos.zillowstatic.com/fp/0ad277ef63daed0f8a931161218c3a87-cc_ft_960.jpg,https://photos.zillowstatic.com/fp/5d8334e882c9c32130d51929eca9d4e6-cc_ft_960.jpg"
5,1680719501-2398,https://www.zillow.com/b/hampton-hall-apartments-atlanta-ga-5XhtcV/,Hampton Hall Apartments ," 2217 Briarcliff Rd NE, Atlanta, GA",0,"1,200",0,"1,700",0,0,"https://photos.zillowstatic.com/fp/09af07640e747ce44382f22a89d8f9f5-cc_ft_960.jpg,https://photos.zillowstatic.com/fp/55f3f597bec88f9ceda5041d439abeb2-cc_ft_960.jpg,https://photos.zillowstatic.com/fp/0ae7039b8e2139247b606bf501d52f0b-cc_ft_960.jpg,https://photos.zillowstatic.com/fp/3bffee55e35bea380601436af7fc7250-cc_ft_960.jpg,https://photos.zillowstatic.com/fp/d7e6a22712504103a18e451c63783d0e-cc_ft_960.jpg"
6,1680719504-2403,https://www.zillow.com/b/biltmore-at-midtown-atlanta-ga-5ZQbC9/,Biltmore at Midtown ," 855 W Peachtree St NW, Atlanta, GA","1,375","1,531","2,066",0,0,0,"https://photos.zillowstatic.com/fp/c11f69c6c781ad483577ce9ceea49b2d-cc_ft_960.jpg,https://photos.zillowstatic.com/fp/2f51744a160c9c70f21b153e0d08d8f1-cc_ft_960.jpg,https://photos.zillowstatic.com/fp/41ce63b460f237705924e53a7a2baf35-cc_ft_960.jpg,https://photos.zillowstatic.com/fp/3df061040cbee6ad265ed87ef8b019f8-cc_ft_960.jpg,https://photos.zillowstatic.com/fp/794440b889fbcb0f679a941a90fc42e8-cc_ft_960.jpg"
7,1680719507-2408,https://www.zillow.com/b/phillips-ave-pittsburgh-pa-5fwm5k/,Phillips Ave ," 5623 Phillips Ave, Pittsburgh, PA",0,"1,095",0,0,0,0,"https://photos.zillowstatic.com/fp/bafb0446b96121006596636a57fcb924-cc_ft_960.jpg,https://photos.zillowstatic.com/fp/2666c0d00667091338bba90cf72327e5-cc_ft_960.jpg,https://photos.zillowstatic.com/fp/3a32088c0f8419f3aafb98a4a58da562-cc_ft_960.jpg,https://photos.zillowstatic.com/fp/ebd3033450b22a17a6fdc7f272ab8319-cc_ft_960.jpg,https://photos.zillowstatic.com/fp/a5f142a0a4f33e5b365130b2d87fd883-cc_ft_960.jpg"
8,1680719509-2413,https://www.zillow.com/b/the-adrian-pittsburgh-pa-5YCDyT/,The Adrian ," 4629 Bayard St, Pittsburgh, PA",989,"1,195","1,699",0,0,0,"https://photos.zillowstatic.com/fp/999791dd6bceacc2d4db68e0be2e7e40-cc_ft_960.jpg,https://photos.zillowstatic.com/fp/563bf16e873ead546b44e61b9821e982-cc_ft_960.jpg,https://photos.zillowstatic.com/fp/542b1dfb940fdbf4c79035f76f2daae6-cc_ft_960.jpg,https://photos.zillowstatic.com/fp/91897f2a4065aea1d65b3e9a190c69f5-cc_ft_960.jpg,https://photos.zillowstatic.com/fp/c229fcc828525a05d8772dcca5aaea22-cc_ft_960.jpg"
9,1680719512-2418,https://www.zillow.com/b/glenrose-gardens-atlanta-ga-5j666g/,Glenrose Gardens ," 85 Mount Zion Rd SW, Atlanta, GA",0,"1,150","1,230","1,395",0,0,"https://photos.zillowstatic.com/fp/567c56ab7e90067f016cf3ebf6b1c136-cc_ft_960.jpg,https://photos.zillowstatic.com/fp/fbda4f14b63501118f6729c95648bb3d-cc_ft_960.jpg,https://photos.zillowstatic.com/fp/3b0f83af0234da741256c84bfd17b510-cc_ft_960.jpg,https://photos.zillowstatic.com/fp/a820ff471145db7554cede5282c59d74-cc_ft_960.jpg,https://photos.zillowstatic.com/fp/73558591effd242f83f71d7df2d53e0f-cc_ft_960.jpg"
10,1680719516-2423,https://www.zillow.com/b/1824-defoor-atlanta-ga-65dz46/,1824 Defoor ," 1824 Defoor Ave NW, Atlanta, GA","1,836","1,753","2,041","3,183",0,0,"https://photos.zillowstatic.com/fp/4e18040d1bc45c061232aefc1fe16d46-cc_ft_960.jpg,https://photos.zillowstatic.com/fp/3a5c996d61f930672765a4e95b6fce15-cc_ft_960.jpg,https://photos.zillowstatic.com/fp/90d36c3513da81c2437ed9cfed70c0fd-cc_ft_960.jpg,https://photos.zillowstatic.com/fp/5e9b999e930956c4ecf2fc6a2e48e6a9-cc_ft_960.jpg,https://photos.zillowstatic.com/fp/ab3b176245cbfd8ed4d69be810b901d0-cc_ft_960.jpg"
11,1680719519-2428,https://www.zillow.com/b/waldorf-park-apartments-pittsburgh-pa-5XjDwW/,Waldorf Park Apartments ," 103 McKnight Cir, Pittsburgh, PA",800,875,"1,125",0,0,0,"https://photos.zillowstatic.com/fp/14e53fae014b65310ca0955f42c3f1b4-cc_ft_960.jpg,https://photos.zillowstatic.com/fp/df2281b09f08e926ca297741211d48d1-cc_ft_960.jpg,https://photos.zillowstatic.com/fp/a2c449dfaa34fd352b25c3a019b33ae1-cc_ft_960.jpg,https://photos.zillowstatic.com/fp/5f5f3a891296b1561cffe4323d18a868-cc_ft_960.jpg,https://photos.zillowstatic.com/fp/8a18b31f61fcb43d734192da6cbcb2d2-cc_ft_960.jpg"
12,1680719523-2433,https://www.zillow.com/b/wellington-square-pittsburgh-pa-9n3MsV/,Wellington Square ," 3910 Old William Penn Hwy, Pittsburgh, PA",0,949,"1,149",0,0,0,"https://photos.zillowstatic.com/fp/9c344fbe5c27aaa55f4b29c9122720b6-cc_ft_960.jpg,https://photos.zillowstatic.com/fp/6074ff48c38bd4817bebbf9cc296d05a-cc_ft_960.jpg,https://photos.zillowstatic.com/fp/e72ce5fd26c387cddfa46f54fd5fc339-cc_ft_960.jpg,https://photos.zillowstatic.com/fp/0b75587eb7ddd5a3f62bef52eb91ced9-cc_ft_960.jpg,https://photos.zillowstatic.com/fp/b28c80cf47c0b8399c91b818b1e64a60-cc_ft_960.jpg"
13,1680719527-2438,https://www.zillow.com/b/fairway-court-apartments-atlanta-ga-5Xhtf5/,Fairway Court Apartments ," 1247 Joseph E Boone Blvd NW, Atlanta, GA",0,902,946,"1,034",0,0,"https://photos.zillowstatic.com/fp/1bdfb26fd780ed837bcf3ee0635c9123-cc_ft_960.jpg,https://photos.zillowstatic.com/fp/6eadb895d534611c4de34af5ccded3a1-cc_ft_960.jpg,https://photos.zillowstatic.com/fp/50a00506c484a63705ca5012aeca0844-cc_ft_960.jpg,https://photos.zillowstatic.com/fp/e39f948267f7f3b5bc979ce4cfbffe26-cc_ft_960.jpg,https://photos.zillowstatic.com/fp/cc60318468076b05249216d5d67b0e51-cc_ft_960.jpg"
14,1680719540-2448,https://www.zillow.com/b/880-briarcliff-terrace-atlanta-ga-9Ptvgk/,880 Briarcliff Terrace ," 880 Briarcliff Ter NE, Atlanta, GA","1,250","1,250",0,0,0,0,"https://photos.zillowstatic.com/fp/cab7442f3c5cad1072ccf2327c972c8a-cc_ft_960.jpg,https://photos.zillowstatic.com/fp/cab7442f3c5cad1072ccf2327c972c8a-cc_ft_960.jpg"
15,1680719547-2455,https://www.zillow.com/b/ashley-cascade-apartments-atlanta-ga-5XhtSC/,Ashley Cascade Apartments ," 1371 Kimberly Way, Atlanta, GA",0,"1,289","1,349","1,499","1,579",0,"https://photos.zillowstatic.com/fp/c93b634d98c6f97aa0fd1d7ab41a738e-cc_ft_960.jpg,https://photos.zillowstatic.com/fp/7acf3de5c82eb15dd34b6a5523d8ada5-cc_ft_960.jpg,https://photos.zillowstatic.com/fp/cf48b72ec30271882262c6da0a9596f6-cc_ft_960.jpg,https://photos.zillowstatic.com/fp/cbe97db5226df84a3264bc5e70257f35-cc_ft_960.jpg,https://photos.zillowstatic.com/fp/5c72d1eb86713d811773dea4e9e731d3-cc_ft_960.jpg"
16,1680719550-2460,https://www.zillow.com/b/3200-washington-jamaica-plain-ma-96CsMx/,3200 Washington ," 3200 Washington St, Jamaica Plain, MA","2,499","2,994","3,399",0,0,0,"https://photos.zillowstatic.com/fp/1b493f83abd52077594d7d2e5c549cc8-cc_ft_960.jpg,https://photos.zillowstatic.com/fp/6eeac2cd3a5b1aa61fda860e2ff81bcd-cc_ft_960.jpg,https://photos.zillowstatic.com/fp/b0ead07f4d921974041e98f7b31c3974-cc_ft_960.jpg,https://photos.zillowstatic.com/fp/192d8584c95444420678a3174eca1d34-cc_ft_960.jpg,https://photos.zillowstatic.com/fp/9c8125ba9741a95566b566c9dd0ab293-cc_ft_960.jpg"
17,1680719555-2465,https://www.zillow.com/b/locomotive-lofts-pittsburgh-pa-5YWpgt/,Locomotive Lofts ," 4840 Harrison St, Pittsburgh, PA",0,"1,750","2,285",0,0,0,"https://photos.zillowstatic.com/fp/7f58eb25475307f5963fa35651812c2a-cc_ft_960.jpg,https://photos.zillowstatic.com/fp/4e022558e11346ae515e7004667c99b7-cc_ft_960.jpg,https://photos.zillowstatic.com/fp/bd3f406a5a304fa917c7bb85eb51d343-cc_ft_960.jpg,https://photos.zillowstatic.com/fp/3ab88501459173904ee35d6e4c870b71-cc_ft_960.jpg,https://photos.zillowstatic.com/fp/fe18fb41c6b9409dcac3add759782f39-cc_ft_960.jpg"
18,1680719560-2470,https://www.zillow.com/b/revival-lofts-atlanta-ga-9PtyzD/,Revival Lofts ," 159 Ralph McGill Blvd NE, Atlanta, GA","1,275","1,575",0,0,0,0,"https://photos.zillowstatic.com/fp/3ffa93ebcece3877fbfab1c065b0ef21-cc_ft_960.jpg,https://photos.zillowstatic.com/fp/ee2c8e6205ed7fcdf98a0e74d33434aa-cc_ft_960.jpg,https://photos.zillowstatic.com/fp/8efcebf5b0cb08a08b3b12c532b93da4-cc_ft_960.jpg,https://photos.zillowstatic.com/fp/b6fdeaa0c069dd5a5034687283d5628f-cc_ft_960.jpg,https://photos.zillowstatic.com/fp/f9b53fb21aee72402784fd52f04ba4db-cc_ft_960.jpg"
19,1680719563-2475,https://www.zillow.com/b/heinz-950-north-shore-pittsburgh-pa-98Nk6B/,Heinz 950 North Shore ," 950 Progress St, Pittsburgh, PA",0,"1,245","2,009",0,0,0,"https://photos.zillowstatic.com/fp/4b7a058006fb3def0cc01cc254842a75-cc_ft_960.jpg,https://photos.zillowstatic.com/fp/3232a8f41b4a2d3a9fbdfa2a61908861-cc_ft_960.jpg,https://photos.zillowstatic.com/fp/a9d614759ee128ecc2cab16a016d163b-cc_ft_960.jpg,https://photos.zillowstatic.com/fp/c3625dfffa3135c2936e5444451f3831-cc_ft_960.jpg,https://photos.zillowstatic.com/fp/f0c54947dfe724043130f8b72a01df36-cc_ft_960.jpg"
20,1680719568-2482,https://www.zillow.com/b/the-enclave-atlanta-ga-5jFckX/,The Enclave ," 2145 Bolton Rd NW, Atlanta, GA",0,"1,295","1,425",0,0,0,"https://photos.zillowstatic.com/fp/dad4881d985614e2223448f2f746fa08-cc_ft_960.jpg,https://photos.zillowstatic.com/fp/7c9ce69c14dd4790997abaf78b995f8c-cc_ft_960.jpg,https://photos.zillowstatic.com/fp/f969126b075f8565d2b602784bad1b30-cc_ft_960.jpg,https://photos.zillowstatic.com/fp/cca830aaa42f32ac192a70d3a004f5d8-cc_ft_960.jpg,https://photos.zillowstatic.com/fp/d6308647988122a2e7b61448ead8d7f0-cc_ft_960.jpg"
21,1680719571-2487,https://www.zillow.com/b/elle-of-buckhead-atlanta-ga-5Xhtb9/,Elle of Buckhead ," 235 Pharr Rd NE, Atlanta, GA","1,625","1,646","2,227",0,0,0,"https://photos.zillowstatic.com/fp/8b8492f89cb114f2b0af559fd41fec42-cc_ft_960.jpg,https://photos.zillowstatic.com/fp/8f405fa7225aea27d928ddcd47e895a8-cc_ft_960.jpg,https://photos.zillowstatic.com/fp/f397fb8bb26863f2b0a7418e320e3b91-cc_ft_960.jpg,https://photos.zillowstatic.com/fp/59869aee63238505cc38b8d36df2a9de-cc_ft_960.jpg,https://photos.zillowstatic.com/fp/39b721d68c7a85c24c8cd870577f56b9-cc_ft_960.jpg"
22,1680719574-2492,https://www.zillow.com/b/the-rocca-atlanta-ga-5XhtvG/,The Rocca ," 3280 Northside Pkwy NW, Atlanta, GA",0,"1,631","1,745","2,714",0,0,"https://photos.zillowstatic.com/fp/5f09498ca2532ce7653a516854c8b08b-cc_ft_960.jpg,https://photos.zillowstatic.com/fp/7bd38917ca32f8a694ca43ad842682aa-cc_ft_960.jpg,https://photos.zillowstatic.com/fp/b91f0448f33f4ad93c40d42aa1d03904-cc_ft_960.jpg,https://photos.zillowstatic.com/fp/9094424ae4925ebb9d1158e93ffbc7f0-cc_ft_960.jpg,https://photos.zillowstatic.com/fp/ff202dbb00a4ee2c293b6ddd3ac0dade-cc_ft_960.jpg"
23,1680719577-2497,https://www.zillow.com/b/stony-brook-commons-roslindale-ma-5XjSWM/,Stony Brook Commons ," 390 Blue Ledge Dr, Roslindale, MA","2,418","2,542","2,832",0,0,0,"https://photos.zillowstatic.com/fp/f9d7fd30700d0ae89e5ded8d226a0538-cc_ft_960.jpg,https://photos.zillowstatic.com/fp/e303eff3149ca70ec9df6f66c110ded2-cc_ft_960.jpg,https://photos.zillowstatic.com/fp/305a326f8f0c383d3c41b4379483c725-cc_ft_960.jpg,https://photos.zillowstatic.com/fp/b4e9474fb8dd0e2261cfda1f10130758-cc_ft_960.jpg,https://photos.zillowstatic.com/fp/10b5a6202458e94be1b7c95446d1f46c-cc_ft_960.jpg"
24,1680719583-2508,https://www.zillow.com/b/the-west-end-apartments-boston-ma-5Xj9BW/,The West End Apartments ," 4 Emerson Pl, Boston, MA","3,150","3,520","4,625",0,0,0,"https://photos.zillowstatic.com/fp/15ed6ea1668f7639c8a63f57f2e30b2c-cc_ft_960.jpg,https://photos.zillowstatic.com/fp/417cedd3d3de7c0c87ce84eac2836ca1-cc_ft_960.jpg,https://photos.zillowstatic.com/fp/2dd212eb78f1128c324394c722197cf0-cc_ft_960.jpg,https://photos.zillowstatic.com/fp/80ae6b9a846bf9827681ac4d404c1704-cc_ft_960.jpg,https://photos.zillowstatic.com/fp/9bd5f147813457e72838fc4b4f8a04a1-cc_ft_960.jpg"
25,1680719587-2513,https://www.zillow.com/b/alexander-at-the-district-atlanta-ga-5XhtSQ/,Alexander at the District ," 1750 Commerce Dr NW, Atlanta, GA",0,"1,326","1,570",0,0,0,"https://photos.zillowstatic.com/fp/13b4b8238c078354ce0098a312f9a319-cc_ft_960.jpg,https://photos.zillowstatic.com/fp/9085bdc93e94c332d7384499e0f14855-cc_ft_960.jpg,https://photos.zillowstatic.com/fp/fcb7d294d8503ca8e1251376e7eb1c71-cc_ft_960.jpg,https://photos.zillowstatic.com/fp/ae2d2d317f839e864e3e2392b1846f66-cc_ft_960.jpg,https://photos.zillowstatic.com/fp/9d028e3795f5a4963de85b80b0184d93-cc_ft_960.jpg"
26,1680719590-2518,https://www.zillow.com/b/the-brookliner-boston-ma-96DTBf/,The Brookliner ," 5 Washington St, Brighton, MA","2,276","3,373","4,252","5,545",0,0,"https://photos.zillowstatic.com/fp/27436671f73624509558c1beaff63238-cc_ft_960.jpg,https://photos.zillowstatic.com/fp/44093d8b026841aaa09da2af62bd1700-cc_ft_960.jpg,https://photos.zillowstatic.com/fp/eda82f6a36f206229f5dafa87f8b4c3d-cc_ft_960.jpg"
27,1680719594-2521,https://www.zillow.com/b/100-pier-4-boston-ma-96GXtT/,100 Pier 4 ," 100 Pier 4 Blvd, Boston, MA","2,987","3,469","4,248",0,0,0,"https://photos.zillowstatic.com/fp/a03775cc39e12b8fb0b185a64963ed8c-cc_ft_960.jpg,https://photos.zillowstatic.com/fp/1913f740477152ce27a3ec2b03a4e552-cc_ft_960.jpg,https://photos.zillowstatic.com/fp/6259a657cab763e76fbb483da0176080-cc_ft_960.jpg,https://photos.zillowstatic.com/fp/3e489515c3b4aba7fc935dcc5f968006-cc_ft_960.jpg,https://photos.zillowstatic.com/fp/4d58368a87323e9a20e10b24aee99cd5-cc_ft_960.jpg"
28,1680719596-2526,https://www.zillow.com/b/315-on-a-boston-ma-5Xj6bQ/,315 on A ," 315 A St, Boston, MA","3,030","3,735","4,540",0,0,0,"https://photos.zillowstatic.com/fp/770af184774cc843ae5737b8fd37f7ea-cc_ft_960.jpg,https://photos.zillowstatic.com/fp/9bf817c6d33012868f5a1fdd75379517-cc_ft_960.jpg,https://photos.zillowstatic.com/fp/ab5a703389b788d5d7254ce0b864cc0b-cc_ft_960.jpg,https://photos.zillowstatic.com/fp/66b8ce6f35986555fdf7bf5889a553bb-cc_ft_960.jpg,https://photos.zillowstatic.com/fp/037c55f2bb531fd84fae64476138b314-cc_ft_960.jpg"
29,1680719599-2531,https://www.zillow.com/b/the-summit-boston-ma-5XjZB9/,The Summit ," 321 Summit Ave, Boston, MA",0,0,"3,400",0,0,0,"https://photos.zillowstatic.com/fp/2d08752483777f1338e6d750c4ea8a60-cc_ft_960.jpg,https://photos.zillowstatic.com/fp/a9cd7522af81c6007a29d145a2ecf547-cc_ft_960.jpg,https://photos.zillowstatic.com/fp/1904cf52f1b20c27e57aa4253baf5077-cc_ft_960.jpg,https://photos.zillowstatic.com/fp/557a44cf9c4ac26b0a93ae1446327c58-cc_ft_960.jpg,https://photos.zillowstatic.com/fp/b7d79a44c8e64df4b8259d26f837d5db-cc_ft_960.jpg"
30,1680719602-2536,https://www.zillow.com/b/the-tremont-roxbury-crossing-ma-5rNxpk/,The Tremont ," 1480 Tremont St, Boston, MA","2,804","3,239","4,368",0,0,0,"https://photos.zillowstatic.com/fp/5997ecf6bec252bd2956be4c10038398-cc_ft_960.jpg,https://photos.zillowstatic.com/fp/3091e13f50313a943d0cb1c5e9f9ef0f-cc_ft_960.jpg,https://photos.zillowstatic.com/fp/de8c45e40b3598fa5e9326abaa7a6c8b-cc_ft_960.jpg,https://photos.zillowstatic.com/fp/7e874436866080db5cc44615189ad997-cc_ft_960.jpg,https://photos.zillowstatic.com/fp/60c74464ad257031dfec8cb902b70df8-cc_ft_960.jpg"
31,1680719605-2541,https://www.zillow.com/b/hobart-court-pittsburgh-pa-98P29D/,Hobart Court ," 5557 Hobart St, Pittsburgh, PA",0,0,"1,410",0,0,0,"https://photos.zillowstatic.com/fp/3a5c0ebbc27f0777ce15466ddbf3a4bf-cc_ft_960.jpg,https://photos.zillowstatic.com/fp/7dd50e85037c7a2e50c03e5e248fe70a-cc_ft_960.jpg,https://photos.zillowstatic.com/fp/2ed30c62792bbfd61e3176b3b4779af6-cc_ft_960.jpg,https://photos.zillowstatic.com/fp/64ef819a54b37a13d8aaa0b2389d4616-cc_ft_960.jpg,https://photos.zillowstatic.com/fp/d709a3fd2794b82c92cfe62acc94360a-cc_ft_960.jpg"
32,1680719608-2546,https://www.zillow.com/b/print-shop-lofts-pittsburgh-pa-5Xwh3h/,Print Shop Lofts ," 3010 Jane St, Pittsburgh, PA",0,"1,425","1,850",0,0,0,"https://photos.zillowstatic.com/fp/22ce1f71884952d6171a1daf62912921-cc_ft_960.jpg,https://photos.zillowstatic.com/fp/07bdb90d038b9cf4c9dee68df8f98271-cc_ft_960.jpg,https://photos.zillowstatic.com/fp/680c1a66cc4f64dc9a4a2694c87ea279-cc_ft_960.jpg,https://photos.zillowstatic.com/fp/0d107750895fc189d1594481ee4992d0-cc_ft_960.jpg,https://photos.zillowstatic.com/fp/de082c4db3dc75d59d1ef683acd57790-cc_ft_960.jpg"
33,1680719611-2551,https://www.zillow.com/b/arsenal-201-pittsburgh-pa-Bfzdwz/,Arsenal 201 ," 147 39th St, Pittsburgh, PA","1,201","1,857","2,188",0,0,0,"https://photos.zillowstatic.com/fp/95f2f4ab37f1df59153f0d9554882f1a-cc_ft_960.jpg,https://photos.zillowstatic.com/fp/0b133a172c02aac765b41a3361998e74-cc_ft_960.jpg,https://photos.zillowstatic.com/fp/a097dd2eeba8729aa108a0466a4af650-cc_ft_960.jpg,https://photos.zillowstatic.com/fp/11c327dc1bd3e3c68177bd8fe144c3bf-cc_ft_960.jpg,https://photos.zillowstatic.com/fp/914a43044ad2035c2ecdc68f3812ec0d-cc_ft_960.jpg"
34,1680719613-2556,https://www.zillow.com/b/girard-boston-ma-B5zyDR/,Girard ," 50 Malden St, Boston, MA",0,"3,465","4,110","6,435",0,0,"https://photos.zillowstatic.com/fp/05a029feb024c27d10ea361b4d2d1d73-cc_ft_960.jpg,https://photos.zillowstatic.com/fp/6d71043c9e49273ec4d5eb080bfbc109-cc_ft_960.jpg,https://photos.zillowstatic.com/fp/2ccb714bc046549b5563ababec1271b0-cc_ft_960.jpg,https://photos.zillowstatic.com/fp/9e6a882053c48685d90787e80bfdb4ed-cc_ft_960.jpg,https://photos.zillowstatic.com/fp/44386a8c0604bf62e564ab0446fec71a-cc_ft_960.jpg"
35,1680719618-2567,https://www.zillow.com/b/the-graphic-lofts-charlestown-ma-96Cmm5/,The Graphic Lofts ," 32 Cambridge St, Charlestown, MA","2,283","2,894","3,712",0,0,0,"https://photos.zillowstatic.com/fp/00745061d118498dd55e4552d2180ba4-cc_ft_960.jpg,https://photos.zillowstatic.com/fp/e98a9e901f50993d279fb0d2b296adad-cc_ft_960.jpg,https://photos.zillowstatic.com/fp/80775c27dbf4befd7827ce170bfcaefb-cc_ft_960.jpg,https://photos.zillowstatic.com/fp/6c392d8044413a4843731e3c23fa76db-cc_ft_960.jpg,https://photos.zillowstatic.com/fp/4cc6322066173e9f1d5f3bafd80659ea-cc_ft_960.jpg"
36,1680719825-2638,https://www.zillow.com/b/the-longwood-apartments-boston-ma-5XmPS7/,The Longwood Apartments ," 1575 Tremont St, Boston, MA",0,"2,871","3,842",0,0,0,"https://photos.zillowstatic.com/fp/e89d154360eac283a0089896dfd69e35-cc_ft_960.jpg,https://photos.zillowstatic.com/fp/f7090dc7507951a211b56887841c5af5-cc_ft_960.jpg,https://photos.zillowstatic.com/fp/879621f4780cfa4393f914d258183a4b-cc_ft_960.jpg,https://photos.zillowstatic.com/fp/4cd7c979b836b1d9732bd3113e35972e-cc_ft_960.jpg,https://photos.zillowstatic.com/fp/215d40c1e1eec90cff1b7b9501edb3cd-cc_ft_960.jpg"
37,1680719827-2643,https://www.zillow.com/b/oak-hill-apartments-pittsburgh-pittsburgh-pa-98NmqH/,Oak Hill Apartments - Pittsburgh ," 475 Garner Ct, Pittsburgh, PA","1,385","1,515","1,650","2,350",0,0,"https://photos.zillowstatic.com/fp/e4c3fc0fb8cf53c4232508b8ae8a0657-cc_ft_960.jpg,https://photos.zillowstatic.com/fp/613110c74387d4b55ec1eb486f493788-cc_ft_960.jpg,https://photos.zillowstatic.com/fp/8e7ca0ed7562624874f1741b215bcd7e-cc_ft_960.jpg,https://photos.zillowstatic.com/fp/d7aefe128a4a9d021601a8b3bfaad4eb-cc_ft_960.jpg,https://photos.zillowstatic.com/fp/4cd706898e3fb016c4625955c6de3c4d-cc_ft_960.jpg"
38,1680719830-2648,https://www.zillow.com/b/the-oasis-on-cascade-atlanta-ga-5XhtTR/,The Oasis on Cascade ," 763 Cascade Ave SW, Atlanta, GA",0,0,"1,475",0,0,0,"https://photos.zillowstatic.com/fp/cc91e8d4f99f66bfd1539ab9c0b2f6b3-cc_ft_960.jpg,https://photos.zillowstatic.com/fp/d3eb75d45cf9d4530906dded7e0ede24-cc_ft_960.jpg,https://photos.zillowstatic.com/fp/096617e16614191c41fb2b4a5e22a030-cc_ft_960.jpg,https://photos.zillowstatic.com/fp/475688975df10400a51d3c38cb2b9607-cc_ft_960.jpg,https://photos.zillowstatic.com/fp/25dfd1d4d4e248f175b275d412e98041-cc_ft_960.jpg"
39,1680719833-2653,https://www.zillow.com/b/prominence-atlanta-ga-BrBjcm/,Prominence ," 3699 Lenox Rd NE, Atlanta, GA","1,599","2,020","2,460","2,656",0,0,"https://photos.zillowstatic.com/fp/c3fbec3ce6665132d697b4c2e1c8d282-cc_ft_960.jpg,https://photos.zillowstatic.com/fp/7b0af3e577a497ad699709984906a80a-cc_ft_960.jpg,https://photos.zillowstatic.com/fp/cc0c35c459e8e82e6ab492e4ab745c61-cc_ft_960.jpg,https://photos.zillowstatic.com/fp/0be332c87a2b6e79d95a956e4a6581be-cc_ft_960.jpg,https://photos.zillowstatic.com/fp/9bbd7d602cbbb67a7c2e4ea545ad31c8-cc_ft_960.jpg"
40,1680719835-2658,https://www.zillow.com/b/garrison-square-boston-ma-5g37Hs/,Garrison Square ," 7 Harcourt St, Boston, MA",0,"3,636","4,309","7,371",0,0,"https://photos.zillowstatic.com/fp/3484050ecf978c4d338058b29381487a-cc_ft_960.jpg,https://photos.zillowstatic.com/fp/70d5f0854fec4f64eb43276ef31b0f43-cc_ft_960.jpg,https://photos.zillowstatic.com/fp/6ed9157d894f09f8ec85d4005f918553-cc_ft_960.jpg,https://photos.zillowstatic.com/fp/2a8fc761195e4ff5986eb7cea51222ac-cc_ft_960.jpg,https://photos.zillowstatic.com/fp/3c359c0290840be15792a848aa63be44-cc_ft_960.jpg"
41,1680719838-2663,https://www.zillow.com/b/amli-flatiron-atlanta-ga-CJXnfN/,AMLI Flatiron ," 3480 Lakeside Dr NE, Atlanta, GA","1,521","1,672","2,533",0,0,0,"https://photos.zillowstatic.com/fp/4eceae00fe12dc9dcee1d5d0d2bb8ada-cc_ft_960.jpg,https://photos.zillowstatic.com/fp/fa46e2f58760a727e668aab9427e66fe-cc_ft_960.jpg,https://photos.zillowstatic.com/fp/3dc85db868710e64005dc53eaa17447a-cc_ft_960.jpg,https://photos.zillowstatic.com/fp/587551805f100ab10a39cf99b073e158-cc_ft_960.jpg"
42,1680719840-2667,https://www.zillow.com/b/the-roosevelt-atlanta-ga-5Xhtyp/,The Roosevelt ," 745 Hansell St SE, Atlanta, GA",0,0,"2,200",0,0,0,"https://photos.zillowstatic.com/fp/dcfe7881332d8f9e0a7a5076002af291-cc_ft_960.jpg,https://photos.zillowstatic.com/fp/508dfddcff101bef9e42080f95909b64-cc_ft_960.jpg,https://photos.zillowstatic.com/fp/c267a2ddffef6605a9ac9967f0eab5aa-cc_ft_960.jpg,https://photos.zillowstatic.com/fp/9f9b0e4a893d3a80710908f1ff178790-cc_ft_960.jpg,https://photos.zillowstatic.com/fp/dc0e3d2698255d05b0908be6dee425b7-cc_ft_960.jpg"
43,1680719843-2672,https://www.zillow.com/b/highland-square-atlanta-ga-BNLSFq/,Highland Square ," 1400 Briarcliff Rd, Atlanta, GA",0,"1,818","2,208","2,554",0,0,"https://photos.zillowstatic.com/fp/6f72ce629113dd12f201e6442473a31e-cc_ft_960.jpg,https://photos.zillowstatic.com/fp/895a7142a7c41d9dbad419752e49b4c7-cc_ft_960.jpg,https://photos.zillowstatic.com/fp/0341c95f27a9d414dfd11c5338b7d857-cc_ft_960.jpg"
44,1680719845-2675,https://www.zillow.com/b/zero-athens-boston-ma-C6XB77/,Zero Athens ," 35 W 2nd St, Boston, MA","2,650","3,750",0,"8,000",0,0,"https://photos.zillowstatic.com/fp/eb35ccd29539ced3bb40cb357955c303-cc_ft_960.jpg,https://photos.zillowstatic.com/fp/61f1c79530190033074d1d01b9809a9e-cc_ft_960.jpg,https://photos.zillowstatic.com/fp/2e7ac9b0f0ae07704b35595a66af09d7-cc_ft_960.jpg,https://photos.zillowstatic.com/fp/5b5710b6c1dd20688273b6602a6cab60-cc_ft_960.jpg,https://photos.zillowstatic.com/fp/c8c1b352086dc20cfbfcff3f376544a5-cc_ft_960.jpg"
45,1680719848-2680,https://www.zillow.com/b/the-irby-atlanta-ga-BYC2wx/,The Irby ," 65 Irby Ave NW, Atlanta, GA","1,966","1,677","3,086",0,0,0,"https://photos.zillowstatic.com/fp/9bb3be762e6d5f95b6ad2fefe2fa18e1-cc_ft_960.jpg,https://photos.zillowstatic.com/fp/28d8ba6b2b6fa081a929ccbf433d27a4-cc_ft_960.jpg,https://photos.zillowstatic.com/fp/15f47c717bc5c26da83faf70c01b6e93-cc_ft_960.jpg,https://photos.zillowstatic.com/fp/9bb3be762e6d5f95b6ad2fefe2fa18e1-cc_ft_960.jpg,https://photos.zillowstatic.com/fp/d7c171f70648c0515a979f4319d2058f-cc_ft_960.jpg,https://photos.zillowstatic.com/fp/8fb7bc0d160a9c255ab59366a1d353ad-cc_ft_960.jpg"
46,1680719851-2686,https://www.zillow.com/b/portside-at-east-pier-east-boston-ma-BKzYDJ/,Portside at East Pier ," 40 E Pier Dr, Boston, MA","2,572","3,052","4,249",0,0,0,"https://photos.zillowstatic.com/fp/e9d6cd136b1569917dc43748e424b215-cc_ft_960.jpg,https://photos.zillowstatic.com/fp/1185ec493b33196390e77cdb295e8808-cc_ft_960.jpg,https://photos.zillowstatic.com/fp/b591b3fdaa83c4f3421fb97891f68976-cc_ft_960.jpg,https://photos.zillowstatic.com/fp/bc95b6c97a7e5b8ff62add59ab62c3aa-cc_ft_960.jpg,https://photos.zillowstatic.com/fp/8915ebff678e386ee740f18e7564b8bf-cc_ft_960.jpg"
47,1680719855-2691,https://www.zillow.com/b/flats-at-southside-works-pittsburgh-pa-5jBr9d/,Flats at Southside Works ," 2635 E Carson St, Pittsburgh, PA",0,"2,081","2,195",0,0,0,"https://photos.zillowstatic.com/fp/57ff011037463d726c7eb48121975ca7-cc_ft_960.jpg,https://photos.zillowstatic.com/fp/196fc667d7c26279c3d7a93a1cfd2114-cc_ft_960.jpg,https://photos.zillowstatic.com/fp/426b2e25fcdb744a73504f5a83e7f484-cc_ft_960.jpg,https://photos.zillowstatic.com/fp/664e33508dfe3d5913adb5ca745f0d18-cc_ft_960.jpg,https://photos.zillowstatic.com/fp/54acaa7b894b7c3f62a4cf2d683b30ee-cc_ft_960.jpg"
48,1680719857-2696,https://www.zillow.com/b/the-registry-on-the-park-atlanta-ga-9Pv5bb/,The Registry on the Park ," 207 13th St NE, Atlanta, GA",0,"2,310","4,948",0,0,0,"https://photos.zillowstatic.com/fp/67ca49fc21e56bde8bacc34516130e07-cc_ft_960.jpg,https://photos.zillowstatic.com/fp/624f083657aeddfd14108f051531234d-cc_ft_960.jpg,https://photos.zillowstatic.com/fp/6f108bc6d3fc37854db0176b440513d3-cc_ft_960.jpg,https://photos.zillowstatic.com/fp/866e7cb9f79acd1d04358462e47844b1-cc_ft_960.jpg,https://photos.zillowstatic.com/fp/4151d6b2938f73d7933d542250f4dbed-cc_ft_960.jpg"
49,1680719860-2701,https://www.zillow.com/b/bryn-mawr-pittsburgh-pa-5Xj8VF/,Bryn Mawr ," 100 Bryn Mawr Ct, Pittsburgh, PA",0,"1,128","1,471",0,0,0,"https://photos.zillowstatic.com/fp/5a49bc6fc22118e62d97f4430f35e687-cc_ft_960.jpg,https://photos.zillowstatic.com/fp/f362c16418902cb83b7a00a2c275e81f-cc_ft_960.jpg,https://photos.zillowstatic.com/fp/e251a93bcae41bc0bc5efb09e6b3b9d3-cc_ft_960.jpg,https://photos.zillowstatic.com/fp/5ec8c4088c3116df10a7d023f2ac8b07-cc_ft_960.jpg,https://photos.zillowstatic.com/fp/e1386bbc76d14caf2530260da7fb6ecb-cc_ft_960.jpg"
50,1680719863-2706,https://www.zillow.com/b/park-view-apartments-pittsburgh-pa-5hFZPB/,Park View Apartments ," 10 Allegheny Ctr, Pittsburgh, PA",960,"1,235","1,750",0,0,0,"https://photos.zillowstatic.com/fp/f46a36596036c80b04d56659054ba0b5-cc_ft_960.jpg,https://photos.zillowstatic.com/fp/bf0c37ec2aa0a3e03c3fda6fe029cf0e-cc_ft_960.jpg,https://photos.zillowstatic.com/fp/3d8fce9bc0d1c106964f7e03809a2604-cc_ft_960.jpg,https://photos.zillowstatic.com/fp/40a6e65a3e384be29243eeaf1694c295-cc_ft_960.jpg,https://photos.zillowstatic.com/fp/ee682e64783fb249139eb0a4e0a752af-cc_ft_960.jpg"
51,1680719866-2711,https://www.zillow.com/b/the-residences-on-broadway-south-boston-ma-BnjTn3/,The Residences on Broadway ," 50 W Broadway, Boston, MA","3,297","3,451",0,0,0,0,"https://photos.zillowstatic.com/fp/8a67c2ec0ca1ea1d7b3cfcbe1366fc98-cc_ft_960.jpg,https://photos.zillowstatic.com/fp/b37371bf17b0cfbc58aa0fab3146832a-cc_ft_960.jpg,https://photos.zillowstatic.com/fp/75966e6474397fe74bd010e7f65f67d9-cc_ft_960.jpg,https://photos.zillowstatic.com/fp/8a67c2ec0ca1ea1d7b3cfcbe1366fc98-cc_ft_960.jpg,https://photos.zillowstatic.com/fp/e5e97a554a2fac6022e0ea06d5508738-cc_ft_960.jpg,https://photos.zillowstatic.com/fp/d0641a9cc1628698d2633084d8220fae-cc_ft_960.jpg"
52,1680719869-2717,https://www.zillow.com/b/inman-quarter-atlanta-ga-63dy5H/,Inman Quarter ," 299 N Highland Ave NE, Atlanta, GA","1,803","2,060","3,362",0,0,0,"https://photos.zillowstatic.com/fp/0ff70772325a200389b2a1ee25bd5f66-cc_ft_960.jpg,https://photos.zillowstatic.com/fp/b18dc91a1057a072d9bafca08946cbae-cc_ft_960.jpg,https://photos.zillowstatic.com/fp/519ea9cae2984bc02acfbb74c5ed1505-cc_ft_960.jpg,https://photos.zillowstatic.com/fp/b9e3cce801a2ff2a2aba66abb082c75f-cc_ft_960.jpg,https://photos.zillowstatic.com/fp/0ca4d1891f2e0134a8255372d02d2694-cc_ft_960.jpg"
53,1680719872-2722,https://www.zillow.com/b/walnut-on-highland-pittsburgh-pa-5XqdVq/,Walnut on Highland ," 121 S Highland Ave, Pittsburgh, PA","1,695","1,820","2,825",0,0,0,"https://photos.zillowstatic.com/fp/f6a1ee1db6fd8d62dc0bf9b18aa26e22-cc_ft_960.jpg,https://photos.zillowstatic.com/fp/a1e5ad2bc88ee4c0524946e7ca9a3f60-cc_ft_960.jpg,https://photos.zillowstatic.com/fp/2d526a161a31b9d8c0d11b56a6fb592b-cc_ft_960.jpg,https://photos.zillowstatic.com/fp/7f5e6fb33f6b491ecf8c3dd6178f3a94-cc_ft_960.jpg,https://photos.zillowstatic.com/fp/be051896d7c61f2dda4ce97c88028584-cc_ft_960.jpg"
54,1680719875-2727,https://www.zillow.com/b/highland-village-pittsburgh-pa-5y6MtG/,Highland Village ," 450 Highland Ave, Pittsburgh, PA",0,0,"2,475",0,0,0,"https://photos.zillowstatic.com/fp/ec72291941890a61be4f084555f511f6-cc_ft_960.jpg,https://photos.zillowstatic.com/fp/17334609a4483af6463cb629ad2da6ff-cc_ft_960.jpg,https://photos.zillowstatic.com/fp/ce36aa20e9c9bd5d02b966d679da7aee-cc_ft_960.jpg,https://photos.zillowstatic.com/fp/bb2ab67e107dff096c69d0c684c39ed0-cc_ft_960.jpg,https://photos.zillowstatic.com/fp/178655d13b4d3dca8ee1728d1a7778e7-cc_ft_960.jpg"
55,1680719878-2732,https://www.zillow.com/b/bakery-living-pittsburgh-pa-65fPkK/,Bakery Living ," 6454 Living Pl, Pittsburgh, PA","1,795","1,945","3,155",0,0,0,"https://photos.zillowstatic.com/fp/2d2f3b24ad81ea779da8529103f1bc6f-cc_ft_960.jpg,https://photos.zillowstatic.com/fp/4e19b861e4a918d5925737804b0b7613-cc_ft_960.jpg,https://photos.zillowstatic.com/fp/e4d8c5ea629a8e93c7b5cb53f3290460-cc_ft_960.jpg,https://photos.zillowstatic.com/fp/97cdd6d0c1b95ccc111b898acb8dc80b-cc_ft_960.jpg,https://photos.zillowstatic.com/fp/0a4fa986bff3b1dd501e8ffd3e0db079-cc_ft_960.jpg"
56,1680719881-2737,https://www.zillow.com/b/buckhead-960-atlanta-ga-5ZFjgL/,Buckhead 960 ," 960 E Paces Ferry Rd NE, Atlanta, GA","1,581","1,733","2,145",0,0,0,"https://photos.zillowstatic.com/fp/5b0563d0a92b09cf7c231d64db33e87a-cc_ft_960.jpg,https://photos.zillowstatic.com/fp/378ae76acde63a715209e53934873b13-cc_ft_960.jpg,https://photos.zillowstatic.com/fp/60aa415073523ff8607d644437056749-cc_ft_960.jpg,https://photos.zillowstatic.com/fp/08be9c0cbc1fb74a271b23a98fe042e4-cc_ft_960.jpg,https://photos.zillowstatic.com/fp/987ad490d3e6ea3c359dbadb66a914a7-cc_ft_960.jpg"
57,1680719884-2742,https://www.zillow.com/b/coda-on-centre-pittsburgh-pa-B8WNtc/,Coda on Centre ," 5765 Centre Ave, Pittsburgh, PA","1,547","1,809","2,892",0,0,0,"https://photos.zillowstatic.com/fp/768b9cc3d4819b7f1d0746d08ebd1204-cc_ft_960.jpg,https://photos.zillowstatic.com/fp/a281da98118a9e2c770684381c0a2b04-cc_ft_960.jpg,https://photos.zillowstatic.com/fp/51042d580595d558e4b06c60250c3a11-cc_ft_960.jpg,https://photos.zillowstatic.com/fp/0c27dfbb54ed3fc95789e518f00fdef2-cc_ft_960.jpg,https://photos.zillowstatic.com/fp/034f6d80b69e3220d4ec84af8c810c79-cc_ft_960.jpg"
58,1680719887-2747,https://www.zillow.com/b/the-monroe-atlanta-atlanta-ga-5XhtVF/,The Monroe Atlanta ," 222 Colonial Homes Dr NW, Atlanta, GA",0,"1,959","2,782","3,531",0,0,"https://photos.zillowstatic.com/fp/fc8fa0bbc51410aa29b9c912166c1cc7-cc_ft_960.jpg,https://photos.zillowstatic.com/fp/13b025c3d5e900515c70625ae212ae41-cc_ft_960.jpg,https://photos.zillowstatic.com/fp/62504034c04f29becb97036b6146b398-cc_ft_960.jpg,https://photos.zillowstatic.com/fp/6ba6dbe3d00915cd838aeac6fe45ecb7-cc_ft_960.jpg,https://photos.zillowstatic.com/fp/9b1ff2451a7d5ad45a83bae6e0f54135-cc_ft_960.jpg"
59,1680719893-2757,https://www.zillow.com/b/windsor-interlock-atlanta-ga-CYNDcd/,12th and James Luxury Apartments ," 1212 James Jackson Parkway Nw Ashford, Atlanta, GA",0,"1,780","1,619","1,976",0,0,"https://photos.zillowstatic.com/fp/09d049547af71929c9db76cc54a9aeaa-cc_ft_960.jpg,https://photos.zillowstatic.com/fp/1b0fb129cfdebbfabd40e575ce14a5fc-cc_ft_960.jpg,https://photos.zillowstatic.com/fp/c2136e90a0f313775b9be1157dfc52b7-cc_ft_960.jpg,https://photos.zillowstatic.com/fp/2359c806103e86c3d9fe1b4a922560e3-cc_ft_960.jpg,https://photos.zillowstatic.com/fp/dd97f7c91c8129793a6f722ee3d36d32-cc_ft_960.jpg"
60,1680719900-2767,https://www.zillow.com/b/cork-factory-pittsburgh-pa-5XqszX/,Cork Factory ," 2349 Railroad St, Pittsburgh, PA",0,"2,125","3,075",0,0,0,"https://photos.zillowstatic.com/fp/f9a2b2fed3ceb8b49cb8e3f5043c62cc-cc_ft_960.jpg,https://photos.zillowstatic.com/fp/7de86f8f88a942c56618339a8908c890-cc_ft_960.jpg,https://photos.zillowstatic.com/fp/a245e6cd30fc6d6d99b407c55a85b5a4-cc_ft_960.jpg,https://photos.zillowstatic.com/fp/9cc2bbd8163bdb1c1932ecdec8cda97a-cc_ft_960.jpg,https://photos.zillowstatic.com/fp/780f7a932321d3217f63849c8bf6546b-cc_ft_960.jpg"
61,1680719903-2772,https://www.zillow.com/b/vibe-at-echo-street-west-atlanta-ga-C6qSPC/,Vibe at Echo Street West ," 750 Echo St NW, Atlanta, GA","1,610","1,940","2,589",0,0,0,"https://photos.zillowstatic.com/fp/dcc633769494d045bda37226061a1a3a-cc_ft_960.jpg,https://photos.zillowstatic.com/fp/7f029694bccbc52045ce549253a2366b-cc_ft_960.jpg,https://photos.zillowstatic.com/fp/67fdb0f4fbcb315972df98ec53043ec2-cc_ft_960.jpg,https://photos.zillowstatic.com/fp/2aed22913b2bc8f259ff619e84240b64-cc_ft_960.jpg,https://photos.zillowstatic.com/fp/4265e4b261aa70eeba7d2e9f269dbe0a-cc_ft_960.jpg"
62,1680719906-2777,https://www.zillow.com/b/amli-buckhead-atlanta-ga-9nx4Q6/,AMLI Buckhead ," 3450 Roxboro Rd NE, Atlanta, GA",0,"1,744","2,393",0,0,0,"https://photos.zillowstatic.com/fp/b943ed169e91bb869f361d3b4b71f10a-cc_ft_960.jpg,https://photos.zillowstatic.com/fp/cbe21d6c25d8d02ca8eaf85ebc445feb-cc_ft_960.jpg,https://photos.zillowstatic.com/fp/16d5210f782863b4b3cfc10afab1ea46-cc_ft_960.jpg,https://photos.zillowstatic.com/fp/108ba0ccf598de131d179b99ff33b926-cc_ft_960.jpg,https://photos.zillowstatic.com/fp/3bb69602270f52ee986b230cc2277286-cc_ft_960.jpg"
63,1680719909-2782,https://www.zillow.com/b/trace-atlanta-ga-9Pv2hY/,Trace ," 782 Peachtree St NE, Atlanta, GA","1,840","1,905","2,905",0,0,0,"https://photos.zillowstatic.com/fp/6589d3642f7dc458e1e41283a5e356b2-cc_ft_960.jpg,https://photos.zillowstatic.com/fp/c672614691814aa999ccda15c9b19bc1-cc_ft_960.jpg,https://photos.zillowstatic.com/fp/22a43c1c6f6d4ec965598c1131ac2319-cc_ft_960.jpg,https://photos.zillowstatic.com/fp/c4fdb8d73819efad83b4250ea986f159-cc_ft_960.jpg,https://photos.zillowstatic.com/fp/d695d29b338a752ea0bf15bdf7946af0-cc_ft_960.jpg"
64,1680719912-2787,https://www.zillow.com/b/emerald-gardens-pittsburgh-pa-5ZJQhx/,Emerald Gardens ," 2400 Village Rd, Pittsburgh, PA",0,"1,040","1,325","1,735",0,0,"https://photos.zillowstatic.com/fp/789d7cec13e93b4685f62b2d9ef87de7-cc_ft_960.jpg,https://photos.zillowstatic.com/fp/3f7d76ce04b0e4a36f9647ad985b4890-cc_ft_960.jpg,https://photos.zillowstatic.com/fp/45d4fb65adc1b8bf86af1e94ff0bcd69-cc_ft_960.jpg,https://photos.zillowstatic.com/fp/6ffc73fa3313083d94d2d04673fd3977-cc_ft_960.jpg,https://photos.zillowstatic.com/fp/5999f3895091e7ddb5ed2b710f5e6364-cc_ft_960.jpg"
65,1680719919-2797,https://www.zillow.com/b/1660-peachtree-atlanta-ga-5XhtKJ/,1660 Peachtree ," 1660 Peachtree St NW, Atlanta, GA",0,"1,599","1,999",0,0,0,"https://photos.zillowstatic.com/fp/967711aae6eaaf83ddc2cd014158e629-cc_ft_960.jpg,https://photos.zillowstatic.com/fp/1cf5fd5f6e45abdd6b037b9d63c70037-cc_ft_960.jpg,https://photos.zillowstatic.com/fp/81c827e68c8e230436a63740bc8edb9e-cc_ft_960.jpg,https://photos.zillowstatic.com/fp/967711aae6eaaf83ddc2cd014158e629-cc_ft_960.jpg,https://photos.zillowstatic.com/fp/44f65efc62e96c2b6350ffba6af38708-cc_ft_960.jpg,https://photos.zillowstatic.com/fp/252dd6746415d74c07fdba2a576701c8-cc_ft_960.jpg"
66,1680719921-2803,https://www.zillow.com/b/harper-on-piedmont-atlanta-ga-5Xhtdh/,Harper on Piedmont ," 625 Piedmont Ave NE, Atlanta, GA",0,"1,950","2,500",0,0,0,"https://photos.zillowstatic.com/fp/0ef954695c2ed8b8c685bfd5deaa00b7-cc_ft_960.jpg,https://photos.zillowstatic.com/fp/c469b3406a9f79e7c6553a4111421f85-cc_ft_960.jpg,https://photos.zillowstatic.com/fp/e458b39b64ee7ff67f16e1166f4d236c-cc_ft_960.jpg,https://photos.zillowstatic.com/fp/1f263abf20cae60bd2aa9be437a1c9af-cc_ft_960.jpg,https://photos.zillowstatic.com/fp/8d7b6f1cd925970e5143d1406b41f3d8-cc_ft_960.jpg"
67,1680719924-2808,https://www.zillow.com/b/berkeley-heights-atlanta-ga-5XhtSG/,Berkeley Heights ," 1700 Northside Dr NW, Atlanta, GA","1,800","1,337","1,925",0,0,0,"https://photos.zillowstatic.com/fp/fcb9ea30ce91d8d7f1b4271c1623994f-cc_ft_960.jpg,https://photos.zillowstatic.com/fp/5f56bcb581c50072af9be9bc7c102dd2-cc_ft_960.jpg,https://photos.zillowstatic.com/fp/42d51b7ee2ec91255ff2743526e2f4f5-cc_ft_960.jpg,https://photos.zillowstatic.com/fp/097b6c29e5694f4d2c24b349550908d1-cc_ft_960.jpg,https://photos.zillowstatic.com/fp/85bc84481c204f4b74ee8f4bd13674f1-cc_ft_960.jpg"
68,1680719929-2819,https://www.zillow.com/b/77-12th-street-atlanta-ga-5XjS6C/,77 12th Street ," 77 12th St NE, Atlanta, GA","1,858","1,988","3,032",0,0,0,"https://photos.zillowstatic.com/fp/a01143e979bcfdec5dbadb0714513e70-cc_ft_960.jpg,https://photos.zillowstatic.com/fp/993c46bbdc92b9c0ed4a353f91821b26-cc_ft_960.jpg,https://photos.zillowstatic.com/fp/ae13d024eca7795bda19f1895be4bb79-cc_ft_960.jpg,https://photos.zillowstatic.com/fp/39763f0e2a6add7f8380906d4a9a7677-cc_ft_960.jpg,https://photos.zillowstatic.com/fp/7e89885f0a918530d15b4d5c258a028c-cc_ft_960.jpg"
69,1680719939-2830,https://www.zillow.com/b/continuum-allston-ma-63wRB2/,Continuum ," 219 Western Ave, Allston, MA","2,749","3,286","4,644","6,856",0,0,"https://photos.zillowstatic.com/fp/7295f09e841ec1964d4c2c0690d8c23d-cc_ft_960.jpg,https://photos.zillowstatic.com/fp/33a0429790a5276f56e42e780a1af331-cc_ft_960.jpg,https://photos.zillowstatic.com/fp/0af10c629fafe18e7d3b82aaa2b81c47-cc_ft_960.jpg,https://photos.zillowstatic.com/fp/26e8a5bbb8204d133765f8f5e10c7f64-cc_ft_960.jpg,https://photos.zillowstatic.com/fp/fc53eedfba35a0cd784948d744ce9a5b-cc_ft_960.jpg"
70,1680719942-2835,https://www.zillow.com/b/lilli-midtown-atlanta-ga-9Pv2Vp/,Lilli Midtown ," 693 Peachtree St NE, Atlanta, GA",0,"2,615","3,845",0,0,0,"https://photos.zillowstatic.com/fp/ef875f1989299e8ecf1d3f1882e725cf-cc_ft_960.jpg,https://photos.zillowstatic.com/fp/73e703a41ed7933d74ef19d82a502b30-cc_ft_960.jpg,https://photos.zillowstatic.com/fp/a3a8b8e5647b8d9178a63ad5ca9f7a68-cc_ft_960.jpg,https://photos.zillowstatic.com/fp/3cd01675a4a44517b32e332eeebe3fc6-cc_ft_960.jpg,https://photos.zillowstatic.com/fp/fc9641d5ca95b3f9cee181fd02682c76-cc_ft_960.jpg"
71,1680719944-2840,https://www.zillow.com/b/via-seaport-residences-boston-ma-B9yCh2/,VIA Seaport Residences ," 5 Fan Pier Blvd, Boston, MA","2,807","3,424","5,298","7,900",0,0,"https://photos.zillowstatic.com/fp/daac2e7167acbee60089910ceb9028b6-cc_ft_960.jpg,https://photos.zillowstatic.com/fp/8736f06b964caaee24a85e584b438e7b-cc_ft_960.jpg,https://photos.zillowstatic.com/fp/fc9f76a7a98529f7cc12ba52a1537dd7-cc_ft_960.jpg,https://photos.zillowstatic.com/fp/4a5effaa7275fa98732be35bf845f81e-cc_ft_960.jpg,https://photos.zillowstatic.com/fp/6cf25a378cc12c69fbb0d047d90d8867-cc_ft_960.jpg"
72,1680719947-2845,https://www.zillow.com/b/amli-ponce-park-atlanta-ga-BT4f5L/,AMLI Ponce Park ," 641 N Ave Ne, Atlanta, GA",0,"1,832","2,789",0,0,0,"https://photos.zillowstatic.com/fp/c3b2e6e494a7e3663f0ebeb82191c9e9-cc_ft_960.jpg,https://photos.zillowstatic.com/fp/e492837afd5602cd56fd88f652d47a29-cc_ft_960.jpg,https://photos.zillowstatic.com/fp/f84b1aea70ed4b7d08ba4f171b96643d-cc_ft_960.jpg,https://photos.zillowstatic.com/fp/127771736b16eebcd2a4edea4aac8b2d-cc_ft_960.jpg,https://photos.zillowstatic.com/fp/8f0ef42796c4293f51e69a6dbe245819-cc_ft_960.jpg"
73,1680719950-2850,https://www.zillow.com/b/avenir-boston-ma-5Xj8dL/,Avenir ," 101 Canal St, Boston, MA","2,820","3,640","4,205",0,0,0,"https://photos.zillowstatic.com/fp/82ec975559f5f3f948ff205b43b319cf-cc_ft_960.jpg,https://photos.zillowstatic.com/fp/ac57cebbbfaec2cc79e38317e83ac4a4-cc_ft_960.jpg,https://photos.zillowstatic.com/fp/e2265043f87bf2afbb82819b0ca278f4-cc_ft_960.jpg,https://photos.zillowstatic.com/fp/85baf50b2a845ef98742fced5e7550db-cc_ft_960.jpg,https://photos.zillowstatic.com/fp/904e6aa2d667387e7af7151016780dc4-cc_ft_960.jpg"
74,1680719954-2855,https://www.zillow.com/b/the-yards-at-3-crossings-pittsburgh-pa-CHYS7Y/,The Yards at 3 Crossings ," 2645 Railroad St E, Pittsburgh, PA","1,450","2,207","3,164",0,0,0,"https://photos.zillowstatic.com/fp/2e696c91238d5c3568e1c9451d613ab7-cc_ft_960.jpg,https://photos.zillowstatic.com/fp/0f9020e3d49d6b8e342d1353c6430a4c-cc_ft_960.jpg,https://photos.zillowstatic.com/fp/73f39fdd8c5bbc790e5067bd95d43ca8-cc_ft_960.jpg,https://photos.zillowstatic.com/fp/ee4f658b1620488a14dab612df00f0ad-cc_ft_960.jpg,https://photos.zillowstatic.com/fp/a5ef268e14e3b7231fe95d2c8fcd1aaf-cc_ft_960.jpg"
75,1680719956-2860,https://www.zillow.com/b/studio2zero-atlanta-ga-5jFcrk/,Studio2Zero ," 20 Standish Ave NW, Atlanta, GA","1,395",0,0,0,0,0,"https://photos.zillowstatic.com/fp/0d220d0eea7784730c0a4a40dd4e47da-cc_ft_960.jpg,https://photos.zillowstatic.com/fp/9146d0c97ef64177adf68d008bbcefc8-cc_ft_960.jpg,https://photos.zillowstatic.com/fp/34c188f1e18d4eda5de1430b1e9f3b54-cc_ft_960.jpg,https://photos.zillowstatic.com/fp/61a3e5c93c4f5936a454f7f383bb45db-cc_ft_960.jpg,https://photos.zillowstatic.com/fp/f6719c4fa0f8996e48fb33eb8fa22937-cc_ft_960.jpg"
76,1680719960-2865,https://www.zillow.com/b/rt-dairies-atlanta-ga-C96KyK/,RT Dairies ," 777100 Memorial Dr SE, Atlanta, GA","1,467","1,770","2,227",0,0,0,"https://photos.zillowstatic.com/fp/8e87c31bff6510f179eeeafefeb7e49f-cc_ft_960.jpg,https://photos.zillowstatic.com/fp/80117d3725847fd4abc3936eb9b16d53-cc_ft_960.jpg,https://photos.zillowstatic.com/fp/507b43aaf68c9f4106a717f06c1dc44c-cc_ft_960.jpg,https://photos.zillowstatic.com/fp/83ef6f0b10ec1ce5170d14ecbfc5e631-cc_ft_960.jpg,https://photos.zillowstatic.com/fp/488280914e78edba6ba845349dd4c76f-cc_ft_960.jpg"
77,1680719962-2870,https://www.zillow.com/b/apartments-at-river-view-pittsburgh-pa-5XsV6P/,Apartments at River View ," 300 Liberty Ave, Pittsburgh, PA",0,"1,499","3,749",0,0,0,"https://photos.zillowstatic.com/fp/168016f04180fd73aa09c280cffbaef9-cc_ft_960.jpg,https://photos.zillowstatic.com/fp/90ee08dc22e4a79dae7e5351a11a4abb-cc_ft_960.jpg,https://photos.zillowstatic.com/fp/c977569723d235151ff80b707e4e295a-cc_ft_960.jpg,https://photos.zillowstatic.com/fp/a7b2db8b9da44484e8fd8a1de9590c1b-cc_ft_960.jpg,https://photos.zillowstatic.com/fp/33410dd5a7afbcd153d4d75b4c192abe-cc_ft_960.jpg"
78,1680719965-2875,https://www.zillow.com/b/the-bon-boston-ma-5XxWqh/,The Bon ," 1260 Boylston St, Boston, MA","3,150","4,445","5,695",0,0,0,"https://photos.zillowstatic.com/fp/c14e99edce2325798a3c02bd945ac137-cc_ft_960.jpg,https://photos.zillowstatic.com/fp/b0209ec1dda482bc5766f4a30d196e4f-cc_ft_960.jpg,https://photos.zillowstatic.com/fp/8e7c2847dba1534bdf28bc311a6fc720-cc_ft_960.jpg,https://photos.zillowstatic.com/fp/c14e99edce2325798a3c02bd945ac137-cc_ft_960.jpg,https://photos.zillowstatic.com/fp/dde46f0bd28f0ebdb852487506f1844d-cc_ft_960.jpg,https://photos.zillowstatic.com/fp/35e9baf3442f67d789fc054867acfbe2-cc_ft_960.jpg"
79,1680719968-2881,https://www.zillow.com/b/millworks-apartments-atlanta-ga-9Pvfw7/,Millworks Apartments ," 1888 Emery St NW, Atlanta, GA","1,555","1,615","2,105","3,090",0,0,"https://photos.zillowstatic.com/fp/62a7891200bcc1e0aa4ee47d87b24552-cc_ft_960.jpg,https://photos.zillowstatic.com/fp/112e9a163f21b49ed005517329445d67-cc_ft_960.jpg,https://photos.zillowstatic.com/fp/8212461e7af13b1be1bcd97aa6afb72c-cc_ft_960.jpg,https://photos.zillowstatic.com/fp/70496e12a79f646f1b23a33ad48ead30-cc_ft_960.jpg,https://photos.zillowstatic.com/fp/98ac3c4c76eb5d13a2202f256a0b625d-cc_ft_960.jpg"
80,1680719971-2886,https://www.zillow.com/b/gibson-by-radius-atlanta-ga-9PvZf6/,Gibson by Radius ," 982 Memorial Dr SE, Atlanta, GA","1,485","1,575","2,025",0,0,0,"https://photos.zillowstatic.com/fp/526fb83b76cb2354b625dff2a2cf1c8f-cc_ft_960.jpg,https://photos.zillowstatic.com/fp/ad42b1c45a0b3aace696c7b5a3ae4a6c-cc_ft_960.jpg,https://photos.zillowstatic.com/fp/8dedaacfa2066e8a3a46a2b915ffb369-cc_ft_960.jpg,https://photos.zillowstatic.com/fp/586509bc8a5acdf4bd30df06a2e1bee5-cc_ft_960.jpg,https://photos.zillowstatic.com/fp/8163cf9d125b1a959629b447cf2221ac-cc_ft_960.jpg"
81,1680719974-2891,https://www.zillow.com/b/connection-at-south-side-pittsburgh-pa-BXD49d/,Connection at South Side ," 2984 Sidney St, Pittsburgh, PA","1,610","1,620","2,070",0,0,0,"https://photos.zillowstatic.com/fp/281bff12b3c5f13fc6706d6d91c1a56f-cc_ft_960.jpg,https://photos.zillowstatic.com/fp/1df9dc51b2ca59256ddb008f5e3295a6-cc_ft_960.jpg,https://photos.zillowstatic.com/fp/4a0bace226ab1ba11fb7b4c809a9658e-cc_ft_960.jpg,https://photos.zillowstatic.com/fp/f14f53cef398f5daf903d03056030561-cc_ft_960.jpg,https://photos.zillowstatic.com/fp/d79b02b3c18cd3b72cf3a9ebf70b7b55-cc_ft_960.jpg"
82,1680719977-2896,https://www.zillow.com/b/hot-metal-flats-pittsburgh-pa-98N7cF/,Hot Metal Flats ," 2915 Sidney St, Pittsburgh, PA","1,380","1,620","2,205",0,0,0,"https://photos.zillowstatic.com/fp/064e306e398b82de5a308e68e7a48dee-cc_ft_960.jpg,https://photos.zillowstatic.com/fp/7b234979ab90ece3f7278e4ec18c76fc-cc_ft_960.jpg,https://photos.zillowstatic.com/fp/1f431575b26dedee35bf11bddfce0550-cc_ft_960.jpg,https://photos.zillowstatic.com/fp/0b0220c735ce6ae5a8cee16d6e0f1604-cc_ft_960.jpg,https://photos.zillowstatic.com/fp/4c6442e989d01ff71de13a43bb22e092-cc_ft_960.jpg"
83,1680719980-2901,https://www.zillow.com/b/bear-run-village-pittsburgh-pa-5Xt4Pg/,Bear Run Village ," 100 Bear Run Dr, Pittsburgh, PA",0,"1,345","1,557","1,963",0,0,"https://photos.zillowstatic.com/fp/56827dc9564041ed9fdeacb2c03e622a-cc_ft_960.jpg,https://photos.zillowstatic.com/fp/3c81029574fba83e7960be6761bb5e69-cc_ft_960.jpg,https://photos.zillowstatic.com/fp/bc24034790c8380e329fa0a29f8bab8d-cc_ft_960.jpg,https://photos.zillowstatic.com/fp/01ffac7051fb63d7ca2dc6919dc0c338-cc_ft_960.jpg,https://photos.zillowstatic.com/fp/2d7dfd7ad10db7b6bc1feaf5ad6e6965-cc_ft_960.jpg"
84,1680719983-2906,https://www.zillow.com/b/rockingham-glen-west-roxbury-ma-5XjW9P/,Rockingham Glen ," 30 Rockingham Ave, West Roxbury, MA",0,"2,625","2,640",0,0,0,"https://photos.zillowstatic.com/fp/382766abaacd7ce80f2b9081a9cf2dd0-cc_ft_960.jpg,https://photos.zillowstatic.com/fp/5d5f4ed767320e0e38beaa3e41fd52b1-cc_ft_960.jpg,https://photos.zillowstatic.com/fp/e9a0bb7ffd93941fc513541a037c0a0b-cc_ft_960.jpg,https://photos.zillowstatic.com/fp/ce14ccf976e11d7a4aad6ab013170393-cc_ft_960.jpg,https://photos.zillowstatic.com/fp/d991e2b100d4b00253c72b6b6ecae6b5-cc_ft_960.jpg"
85,1680719986-2911,https://www.zillow.com/b/encore-apartments-pittsburgh-pa-5Xj9Qq/,Encore Apartments ," 100 7th St, Pittsburgh, PA",0,"2,320","2,620",0,0,0,"https://photos.zillowstatic.com/fp/83637e2801ff25d9b47e6d42b3a9c4af-cc_ft_960.jpg,https://photos.zillowstatic.com/fp/7f17ba1eea6124ffea2ffb341b06fd8c-cc_ft_960.jpg,https://photos.zillowstatic.com/fp/bbc4b779f4fffaa113e1eb224bcde733-cc_ft_960.jpg,https://photos.zillowstatic.com/fp/cb6d6e36584c50dd387641a0d8e7a8c2-cc_ft_960.jpg,https://photos.zillowstatic.com/fp/09ab2c784ff2e8552caa61e1ca22e8f6-cc_ft_960.jpg"
86,1680719988-2916,https://www.zillow.com/b/lot-24-pittsburgh-pa-5XrMrH/,Lot 24 ," 2404 Railroad St, Pittsburgh, PA",0,"1,875",0,0,0,0,"https://photos.zillowstatic.com/fp/041e7cfa87b7033b9b290eae51690ddb-cc_ft_960.jpg,https://photos.zillowstatic.com/fp/3db31e9a13bd18edaa2d1dd99b931a20-cc_ft_960.jpg,https://photos.zillowstatic.com/fp/3738b38a1cd28e2c6b868672cbf507af-cc_ft_960.jpg,https://photos.zillowstatic.com/fp/4533c64ece1edd1c45121fde38d9f009-cc_ft_960.jpg,https://photos.zillowstatic.com/fp/ec27bc10e57bfc9683a64f5e19018c86-cc_ft_960.jpg"
87,1680719991-2921,https://www.zillow.com/b/mezzo-design-lofts-charlestown-ma-5Xj6cQ/,Mezzo Design Lofts ," 30 Caldwell St, Charlestown, MA","2,596","2,955","4,120",0,0,0,"https://photos.zillowstatic.com/fp/a93dd53f0ba7bc46bb2cc2203b96eacd-cc_ft_960.jpg,https://photos.zillowstatic.com/fp/ee4ef96508a364b01b1839fd7b5ae058-cc_ft_960.jpg,https://photos.zillowstatic.com/fp/eb0e63f656c61d7198aa4b0dc9afc90e-cc_ft_960.jpg,https://photos.zillowstatic.com/fp/93aaa820de9f8f67867eb7a7b243f2ca-cc_ft_960.jpg,https://photos.zillowstatic.com/fp/3b70fc6a5923c73339efc7b57e3e27a9-cc_ft_960.jpg"
88,1680719993-2926,https://www.zillow.com/b/the-alyx-at-echelonseaport-boston-ma-BfvBzp/,The Alyx at EchelonSeaport ," 131 Seaport Blvd, Boston, MA","3,597","4,266","6,500","6,696",0,0,"https://photos.zillowstatic.com/fp/f1f7db99608c3b768e739f40c424b08e-cc_ft_960.jpg,https://photos.zillowstatic.com/fp/872bc362fb7babcdfb8a1c9e5d2d809a-cc_ft_960.jpg,https://photos.zillowstatic.com/fp/ca091aca4680af1d772d3bc44a498e6d-cc_ft_960.jpg,https://photos.zillowstatic.com/fp/433d6de30b48297a30dd6dc46cfc176b-cc_ft_960.jpg,https://photos.zillowstatic.com/fp/75c35f9367b05d6bfcaae6d9f7592c18-cc_ft_960.jpg"
89,1680719996-2931,https://www.zillow.com/b/modera-old-ivy-atlanta-ga-C6cqmv/,Modera Old Ivy ," 3651 Lenox Rd NE, Atlanta, GA","1,760","2,070","2,565","3,105",0,0,"https://photos.zillowstatic.com/fp/952a7695635f0d19c65d3916c5c81234-cc_ft_960.jpg,https://photos.zillowstatic.com/fp/c9594a9a40995e5caa60138dc4734993-cc_ft_960.jpg,https://photos.zillowstatic.com/fp/230d388ab685acc095a8a83e503b29e8-cc_ft_960.jpg,https://photos.zillowstatic.com/fp/4bf5aa23460521ce8695d91bb6fffb0b-cc_ft_960.jpg,https://photos.zillowstatic.com/fp/5ae7d123e55af11b629fabe9bd8c523e-cc_ft_960.jpg"
90,1680720003-2941,https://www.zillow.com/b/3005-buckhead-atlanta-ga-5Xph7H/,3005 Buckhead ," 3005 Peachtree Rd NE, Atlanta, GA","1,731","1,956","2,534","3,825",0,0,"https://photos.zillowstatic.com/fp/166282c1def0d812b2260c76ab8ca29a-cc_ft_960.jpg,https://photos.zillowstatic.com/fp/0a0637fe1f7aafbc6e498862c7cb6916-cc_ft_960.jpg,https://photos.zillowstatic.com/fp/850fd2e39551c093d9f93a221b310d9f-cc_ft_960.jpg,https://photos.zillowstatic.com/fp/c412c53005dd09def8b2830b3f283f17-cc_ft_960.jpg,https://photos.zillowstatic.com/fp/9926595727271cddc4055f92ecc6e1a6-cc_ft_960.jpg"
91,1680720005-2946,https://www.zillow.com/b/iris-o4w-atlanta-ga-9Pv2RG/,Iris O4W ," 652 Angier Ave NE, Atlanta, GA","1,980","2,289","3,365",0,0,0,"https://photos.zillowstatic.com/fp/f20999722421f7d8d872124fbe29b0b5-cc_ft_960.jpg,https://photos.zillowstatic.com/fp/1f290532c234209b87747ef43148b9b3-cc_ft_960.jpg,https://photos.zillowstatic.com/fp/87d62a0f7673796516d2e8ca34339eee-cc_ft_960.jpg,https://photos.zillowstatic.com/fp/411d4c6eb54d0b35f4fe0dafe21d1596-cc_ft_960.jpg,https://photos.zillowstatic.com/fp/3ebc60679953b31373e2a348a0f6aeb9-cc_ft_960.jpg"
92,1680720008-2951,https://www.zillow.com/b/the-maverick-townhomes-atlanta-ga-C6qSNM/,The Maverick Townhomes ," 45 Boynton Ave SE, Atlanta, GA",0,0,0,"3,400",0,0,"https://photos.zillowstatic.com/fp/e753875dab7fa247c66aa384239fcc10-cc_ft_960.jpg,https://photos.zillowstatic.com/fp/0dbf7ecfc31635d242fd3ae2f7fb673f-cc_ft_960.jpg,https://photos.zillowstatic.com/fp/9a67c9309dfe83f05db639674aa910f0-cc_ft_960.jpg,https://photos.zillowstatic.com/fp/6ba3524b742bafc0298b9bae6c9be64e-cc_ft_960.jpg,https://photos.zillowstatic.com/fp/8175f82c5c3a83a7ff1930078b9a0c5e-cc_ft_960.jpg"
93,1680720011-2956,https://www.zillow.com/b/amli-westside-atlanta-ga-9Pvcz6/,AMLI Westside ," 1084 Howell Mill Rd NW, Atlanta, GA","1,495","1,751","2,550",0,0,0,"https://photos.zillowstatic.com/fp/7b9e968b03fa4e0d52f63d7ab1f95ffb-cc_ft_960.jpg,https://photos.zillowstatic.com/fp/b2a609c4ceccc3c88037ea1ab32081f6-cc_ft_960.jpg,https://photos.zillowstatic.com/fp/a8c05e174199c55dd039f2921d165961-cc_ft_960.jpg,https://photos.zillowstatic.com/fp/893e799348ecdd878a6085f106f8b3d1-cc_ft_960.jpg,https://photos.zillowstatic.com/fp/688ee2020989ddd831300050b8073e4b-cc_ft_960.jpg"
94,1680720014-2961,https://www.zillow.com/b/95-saint-boston-ma-B9dxZ2/,95 Saint ," 95 Saint Alphonsus St, Roxbury Crossing, MA","3,464","4,699",0,0,0,0,"https://photos.zillowstatic.com/fp/3ce1048b943e605eb1af7d5868d0a740-cc_ft_960.jpg,https://photos.zillowstatic.com/fp/db463e2854641f6d1d682ad87be7bbd9-cc_ft_960.jpg,https://photos.zillowstatic.com/fp/3e5f9e1245adb3298a078e6e7d40a9cd-cc_ft_960.jpg,https://photos.zillowstatic.com/fp/7fba516e05f8d9d21a021467026e83a7-cc_ft_960.jpg,https://photos.zillowstatic.com/fp/86f816efca1c7521e65fd144a2d1aef9-cc_ft_960.jpg"
95,1680720017-2966,https://www.zillow.com/b/kaufmann%27s-pittsburgh-pa-B75ZTC/,Kaufmann's ," 434 5th Ave, Pittsburgh, PA","1,460","1,720","2,825",0,0,0,"https://photos.zillowstatic.com/fp/55be485032b9275f850c0170b6871d34-cc_ft_960.jpg,https://photos.zillowstatic.com/fp/192a25cf2ebdf1c9e3f411db507125f2-cc_ft_960.jpg,https://photos.zillowstatic.com/fp/d94babc40ae9e93ab5a01c2b491da208-cc_ft_960.jpg,https://photos.zillowstatic.com/fp/55be485032b9275f850c0170b6871d34-cc_ft_960.jpg,https://photos.zillowstatic.com/fp/49356537ced1d8e38eab6170d2678ea7-cc_ft_960.jpg,https://photos.zillowstatic.com/fp/54e5786f8066915940162f2138732531-cc_ft_960.jpg"
96,1680717692-2119,https://www.zillow.com/b/ava-fort-greene-brooklyn-ny-5Xqbqr/,AVA Fort Greene ," 343 Gold St, Brooklyn, NY","3,417","3,803","5,635","7,307",0,0,"https://photos.zillowstatic.com/fp/e23b058181a8cab777d3d64a10cdef4a-cc_ft_960.jpg,https://photos.zillowstatic.com/fp/128d3a3179e9ee1caf176a3869b204d8-cc_ft_960.jpg,https://photos.zillowstatic.com/fp/9af24a9515df8f387274f7ca746ac169-cc_ft_960.jpg,https://photos.zillowstatic.com/fp/b06775f508a2395d04b028c03bde19e0-cc_ft_960.jpg,https://photos.zillowstatic.com/fp/e690fd01c0c4d2c931225f2ad03f51a3-cc_ft_960.jpg"
97,1680717694-2124,https://www.zillow.com/b/watermark-lic-long-island-city-ny-BY9C3C/,Watermark LIC ," 27-19 44th Dr, Long Island City, NY","3,281",0,0,0,0,0,"https://photos.zillowstatic.com/fp/a8ecf2c1e763f1db98f397533d65fab2-cc_ft_960.jpg,https://photos.zillowstatic.com/fp/820783b08523763e8559be3c2491168d-cc_ft_960.jpg,https://photos.zillowstatic.com/fp/3ca0ebd7ecfd3d488fa482f298832479-cc_ft_960.jpg,https://photos.zillowstatic.com/fp/058ec7a268b82d87e3ed3f94c0a4adb4-cc_ft_960.jpg,https://photos.zillowstatic.com/fp/15505479a45d5fa06ba47d11d2aef192-cc_ft_960.jpg"
98,1680717697-2129,https://www.zillow.com/b/avalon-morningside-park-new-york-ny-5XTGpQ/,Avalon Morningside Park ," 1 Morningside Dr, New York, NY","4,034","4,535","6,715","7,790",0,0,"https://photos.zillowstatic.com/fp/8966ebc70117d6f8036c4e12b158abd7-cc_ft_960.jpg,https://photos.zillowstatic.com/fp/96bfd2f125e03d98b78641800d5927db-cc_ft_960.jpg,https://photos.zillowstatic.com/fp/93536e7a70d24d6e1645cf6b07d36c06-cc_ft_960.jpg,https://photos.zillowstatic.com/fp/b68eeb5faccdcbaf9c25a0e96214cdb1-cc_ft_960.jpg,https://photos.zillowstatic.com/fp/b7b35a6dd3eb93e89ba56ce23abb2299-cc_ft_960.jpg"
99,1680717699-2134,https://www.zillow.com/b/two-lincoln-square-manhattan-ny-9gpqwm/,Two Lincoln Square ," 60 W 66th St, New York, NY",0,"4,523",0,0,0,0,"https://photos.zillowstatic.com/fp/b7efcaf4b7b46862f1f07910f663c1f3-cc_ft_960.jpg,https://photos.zillowstatic.com/fp/ea586158e94bca57262cb7ef1c3e0cda-cc_ft_960.jpg,https://photos.zillowstatic.com/fp/1f41b306db586476048f047c7344abd2-cc_ft_960.jpg,https://photos.zillowstatic.com/fp/0864b2ac027aa5d981f40a34d759b33b-cc_ft_960.jpg,https://photos.zillowstatic.com/fp/1cc3759928485730cbb4b66679399774-cc_ft_960.jpg"
100,1680717702-2139,https://www.zillow.com/b/the-ashley-new-york-ny-5Xj4Ns/,The Ashley ," 400 W 63rd St, New York, NY","3,565","4,325",0,"8,975",0,0,"https://photos.zillowstatic.com/fp/23d2a3f6d36712a1ee52171797eb39f7-cc_ft_960.jpg,https://photos.zillowstatic.com/fp/2f9fc037ab5033bfa8906819cecee912-cc_ft_960.jpg,https://photos.zillowstatic.com/fp/0c7d01e39ed8e985a51e7da22fdbbdc5-cc_ft_960.jpg,https://photos.zillowstatic.com/fp/eae97330f2a8f0b72a03ad426c02a763-cc_ft_960.jpg,https://photos.zillowstatic.com/fp/89b33e049a762a18ed685de388878509-cc_ft_960.jpg"
101,1680717704-2144,https://www.zillow.com/b/avalon-west-chelsea-new-york-ny-26W5/,Avalon West Chelsea ," 282 11th Ave, New York, NY","3,916","4,819","7,820",0,0,0,"https://photos.zillowstatic.com/fp/a9c02f1e4e72cb8d51d59822f30a60cf-cc_ft_960.jpg,https://photos.zillowstatic.com/fp/d7355ad03e77b56789d73e9706db3ecd-cc_ft_960.jpg,https://photos.zillowstatic.com/fp/58b62d4662097105e3d9fa7ee1c708cd-cc_ft_960.jpg,https://photos.zillowstatic.com/fp/33b71434823d71fc6e39f2b03dcc9023-cc_ft_960.jpg,https://photos.zillowstatic.com/fp/967c8da0ae1516be5a5537973507b766-cc_ft_960.jpg"
102,1680717707-2149,https://www.zillow.com/b/one-blue-slip-brooklyn-ny-BLxDrJ/,One Blue Slip ," 1 Blue Slip, Brooklyn, NY","3,155","4,040","6,540",0,0,0,"https://photos.zillowstatic.com/fp/dc5346c95dc54f2af063691cee8d0b99-cc_ft_960.jpg,https://photos.zillowstatic.com/fp/ed7f31d66e33833d76480c3e124d19ea-cc_ft_960.jpg"
103,1680717710-2151,https://www.zillow.com/b/the-bellslip-brooklyn-ny-C5rsn3/,THE BELLSLIP ," 1 Bell Slip, Brooklyn, NY","3,025","4,114","6,760",0,0,0,"https://photos.zillowstatic.com/fp/b4f4a9553105f2f451bc4986928abbc1-cc_ft_960.jpg,https://photos.zillowstatic.com/fp/c39a5d8272592aa8b452d8c636cbb459-cc_ft_960.jpg,https://photos.zillowstatic.com/fp/f4d2603cad2e18bac835b7933d9a296d-cc_ft_960.jpg,https://photos.zillowstatic.com/fp/ce7ad4dda8ec4cb8ac1aafca901dddd3-cc_ft_960.jpg,https://photos.zillowstatic.com/fp/ab66a5dd2176c2d11cc346ee86a495b0-cc_ft_960.jpg"
104,1680717713-2156,https://www.zillow.com/b/oriana-new-york-ny-5XWNCh/,Oriana ," 420 E 54th St, New York, NY","3,918","4,872","6,060","11,838",0,0,"https://photos.zillowstatic.com/fp/c9a5be2a9f196631543601a648af4473-cc_ft_960.jpg,https://photos.zillowstatic.com/fp/7f2973dbe7ff57357a7579c3b4fb06f4-cc_ft_960.jpg,https://photos.zillowstatic.com/fp/7ed22841ea057766bfc57100070b584f-cc_ft_960.jpg,https://photos.zillowstatic.com/fp/02b613567a1295aee4d442887e495957-cc_ft_960.jpg,https://photos.zillowstatic.com/fp/83ff37bc93d589cbc457c4e02a3a0b8b-cc_ft_960.jpg"
105,1680717716-2161,https://www.zillow.com/b/two-blue-slip-brooklyn-ny-BW4qmH/,Two Blue Slip ," 2 Blue Slip, Brooklyn, NY","3,367","4,355","6,380",0,0,0,"https://photos.zillowstatic.com/fp/eeda582ab67a88c87b4453f2ef33536c-cc_ft_960.jpg,https://photos.zillowstatic.com/fp/eb773cfee71ba552192c7276956290b0-cc_ft_960.jpg,https://photos.zillowstatic.com/fp/f268174e7901fbfdabdcb12645c2513e-cc_ft_960.jpg"
106,1680717719-2164,https://www.zillow.com/b/95-wall-new-york-ny-5XSsMP/,95 Wall ," 95 Wall St, New York, NY","3,336","4,191","6,561",0,0,0,"https://photos.zillowstatic.com/fp/39db1832519a9c3c8fe50d2f7a1292d8-cc_ft_960.jpg,https://photos.zillowstatic.com/fp/1a59715068055263c5a0f9c1d6807f54-cc_ft_960.jpg,https://photos.zillowstatic.com/fp/07495ee148772994dbf095d3a73d4554-cc_ft_960.jpg,https://photos.zillowstatic.com/fp/0c1afdcbeb7e151c22c84d9115a930eb-cc_ft_960.jpg,https://photos.zillowstatic.com/fp/92d9b5b81741db0fc159bbfbdd6b116d-cc_ft_960.jpg"
107,1680717724-2174,https://www.zillow.com/b/ava-dobro-brooklyn-ny-39Ct/,AVA DoBro ," 100 Willoughby St, Brooklyn, NY","3,174","3,797","5,225","7,171",0,0,"https://photos.zillowstatic.com/fp/c27077a52fea660d4d845f16a6b5c325-cc_ft_960.jpg,https://photos.zillowstatic.com/fp/226475f696773b520283b17a38426a9b-cc_ft_960.jpg,https://photos.zillowstatic.com/fp/f1d27f30735ada2f10971dc3f7c2fbd2-cc_ft_960.jpg,https://photos.zillowstatic.com/fp/227e16fe19aafd012384fd026a129a4a-cc_ft_960.jpg,https://photos.zillowstatic.com/fp/b3474d0b5378ca3b0dd1f1dc2f9095da-cc_ft_960.jpg"
108,1680717726-2179,https://www.zillow.com/b/ava-high-line-new-york-ny-4MH7/,AVA High Line ," 525 W 28th St, New York, NY",0,"4,755","6,790",0,0,0,"https://photos.zillowstatic.com/fp/593abecd0fac595b7d3709a8300f5127-cc_ft_960.jpg,https://photos.zillowstatic.com/fp/ea9c74ac503524d66afe98ecc372e171-cc_ft_960.jpg,https://photos.zillowstatic.com/fp/66cc8d3d55ee3075d63ef667d35d3f5e-cc_ft_960.jpg,https://photos.zillowstatic.com/fp/99e47ec036ede4beb482fe2070be2ed2-cc_ft_960.jpg,https://photos.zillowstatic.com/fp/b9440b56e06c72d8957b0ba52bd7562e-cc_ft_960.jpg"
109,1680717729-2184,https://www.zillow.com/b/alta-by-common-long-island-city-ny-BK6Wsx/,ALTA by Common ," 2922 Northern Blvd, Long Island City, NY","1,650",0,0,0,0,0,"https://photos.zillowstatic.com/fp/7701f70d55f7c00371c84e5403fbc7a0-cc_ft_960.jpg,https://photos.zillowstatic.com/fp/106c2e36b70cd87bd06650840ec425f5-cc_ft_960.jpg,https://photos.zillowstatic.com/fp/d4e36067e5f09f2b266fd34ce4ac52d5-cc_ft_960.jpg,https://photos.zillowstatic.com/fp/cbf90240015c7bb8a4e5e7414c24016f-cc_ft_960.jpg,https://photos.zillowstatic.com/fp/98c907a5ecd26faf903fb6f243c9d46e-cc_ft_960.jpg"
110,1680717732-2189,https://www.zillow.com/b/avalon-riverview-long-island-city-ny-5XXp2M/,Avalon Riverview ," 475 48th Ave, Long Island City, NY","2,965","3,705","5,275","12,300",0,0,"https://photos.zillowstatic.com/fp/8cb5744f642f0580298d3b76a55ede70-cc_ft_960.jpg,https://photos.zillowstatic.com/fp/a2f13d72731a39fa3c5ca049838dc2ec-cc_ft_960.jpg,https://photos.zillowstatic.com/fp/4ab6389afb21e777294ee0965393caa9-cc_ft_960.jpg,https://photos.zillowstatic.com/fp/b536f20a1ac89688b5f06d945e525abd-cc_ft_960.jpg,https://photos.zillowstatic.com/fp/ba7817e6925b0b58864ed8a4de70cabf-cc_ft_960.jpg"
111,1680717737-2199,https://www.zillow.com/b/third-at-bankside-bronx-ny-97T6xw/,Third at Bankside ," 2401 3rd Ave, Bronx, NY","2,832","2,966","4,232",0,0,0,"https://photos.zillowstatic.com/fp/012b4fa7181a593535364de905415993-cc_ft_960.jpg,https://photos.zillowstatic.com/fp/a985b4d2a0bdfdbb1862c4e8ece1cc9a-cc_ft_960.jpg,https://photos.zillowstatic.com/fp/82344684d0e9091b3316f356802f1fc2-cc_ft_960.jpg,https://photos.zillowstatic.com/fp/88c64894487b427176e86e5538e4f372-cc_ft_960.jpg,https://photos.zillowstatic.com/fp/0c1b224a275cb5d9181468dc0f6385b6-cc_ft_960.jpg"
112,1680717739-2204,https://www.zillow.com/b/363-bond-street-brooklyn-ny-3DTS/,363 Bond Street ," 363 Bond St, Brooklyn, NY",0,"3,665",0,0,0,0,"https://photos.zillowstatic.com/fp/29dab2915372cb8353cc415483ce18b3-cc_ft_960.jpg,https://photos.zillowstatic.com/fp/9cec9b44695c2d08bb608fe134c35c07-cc_ft_960.jpg,https://photos.zillowstatic.com/fp/d28beb24842292733b4fe3fefb8f5756-cc_ft_960.jpg,https://photos.zillowstatic.com/fp/26cc5a6529c25ccaad93a4d3d35973d3-cc_ft_960.jpg,https://photos.zillowstatic.com/fp/5d41f33693b6a125754f429c7925b716-cc_ft_960.jpg"
113,1680717742-2209,https://www.zillow.com/b/the-brooklyner-brooklyn-ny-5XrT9T/,The Brooklyner ," 111 Lawrence St, Brooklyn, NY","2,916","3,561","5,185",0,0,0,"https://photos.zillowstatic.com/fp/8a441d09513b76201c9b9c6196016b03-cc_ft_960.jpg,https://photos.zillowstatic.com/fp/a42cc03fc9a6255c06660d6101e72042-cc_ft_960.jpg,https://photos.zillowstatic.com/fp/26dc5f13db15da76e1cf4e4f2c92369b-cc_ft_960.jpg,https://photos.zillowstatic.com/fp/cfe6dab86e4031f398b40463077bebdc-cc_ft_960.jpg,https://photos.zillowstatic.com/fp/d84ba89f6ccfddfd46a42ec187f539cd-cc_ft_960.jpg"
114,1680717745-2214,https://www.zillow.com/b/180-montague-brooklyn-ny-5XyZr5/,180 Montague ," 180 Montague St, Brooklyn, NY","3,231","3,761","6,349",0,0,0,"https://photos.zillowstatic.com/fp/2d6f02db58a86f99b38468a3034fd172-cc_ft_960.jpg,https://photos.zillowstatic.com/fp/996168a955f8ebdd179ee67ab288cc1a-cc_ft_960.jpg,https://photos.zillowstatic.com/fp/ffd64c030707b09dfa39f6e377a6ffa7-cc_ft_960.jpg,https://photos.zillowstatic.com/fp/7b44d477002b7c59354e5bce1282b452-cc_ft_960.jpg,https://photos.zillowstatic.com/fp/42462fbae7ffd2290f70bdef3ed4ff3d-cc_ft_960.jpg"
115,1680717747-2219,https://www.zillow.com/b/beatrice-manhattan-ny-5XY24b/,Beatrice ," 105 W 29th St, New York, NY","4,404","5,261","7,899",0,0,0,"https://photos.zillowstatic.com/fp/b08f54149ccf327b70bab2c2e6dcb48e-cc_ft_960.jpg,https://photos.zillowstatic.com/fp/993af935d535b484719ca98a1cb06ba2-cc_ft_960.jpg,https://photos.zillowstatic.com/fp/8ed95b7d0560fd036487f5e913c2895c-cc_ft_960.jpg,https://photos.zillowstatic.com/fp/f8f8eda41fcba42ff2faf27a3077d645-cc_ft_960.jpg,https://photos.zillowstatic.com/fp/3827b4f1d5bb3d4e078cebc91ee7abf0-cc_ft_960.jpg"
116,1680717750-2224,https://www.zillow.com/b/alvista-rise-jamaica-ny-C64Xjv/,Alvista Rise ," 147-25 94th Ave, Jamaica, NY","2,000","2,300","2,750",0,0,0,"https://photos.zillowstatic.com/fp/b71a57e7b2d6089e7b21e070a58b18d4-cc_ft_960.jpg,https://photos.zillowstatic.com/fp/1d1fe6757fed979b501a61658e341af4-cc_ft_960.jpg,https://photos.zillowstatic.com/fp/00614db4a34132ad92a5f996a71015cd-cc_ft_960.jpg,https://photos.zillowstatic.com/fp/56e21879815c58c20a4dec878e30697f-cc_ft_960.jpg,https://photos.zillowstatic.com/fp/c4667aecc46d4a0631875df0fe9a69e4-cc_ft_960.jpg"
117,1680717753-2229,https://www.zillow.com/b/noonan-towers-bronx-ny-5wMvFr/,Noonan Towers ," 939 Woodycrest Ave, Bronx, NY",0,"1,581",0,0,0,0,"https://photos.zillowstatic.com/fp/169bd8d55690d5f499b0b87576584bc5-cc_ft_960.jpg,https://photos.zillowstatic.com/fp/e280cd38faa6b9f054e1607cae686a58-cc_ft_960.jpg,https://photos.zillowstatic.com/fp/f9d281118d0c6067daaeb9be4fb0a3da-cc_ft_960.jpg,https://photos.zillowstatic.com/fp/879aae90a80a771d42e8ae39a2fabfd3-cc_ft_960.jpg,https://photos.zillowstatic.com/fp/f66c8716cd27fc3394e6f1ac49070f7e-cc_ft_960.jpg"
118,1680717755-2234,https://www.zillow.com/b/ocean-drive-brooklyn-ny-BdxsGq/,Ocean Drive ," 1 Ocean Dr, Brooklyn, NY","2,478","2,800","3,329",0,0,0,"https://photos.zillowstatic.com/fp/2aa2e914da0a370ad33539a9df5a64bf-cc_ft_960.jpg,https://photos.zillowstatic.com/fp/7ff66fa1acfa74f0b7600b8a043327fb-cc_ft_960.jpg,https://photos.zillowstatic.com/fp/199fe66ef49a05e40492b1044af0bbe6-cc_ft_960.jpg,https://photos.zillowstatic.com/fp/5ac694653b5983fa1eea8441a35fec31-cc_ft_960.jpg,https://photos.zillowstatic.com/fp/5444c767cbb8deaa3be14f36cf066da3-cc_ft_960.jpg"
119,1680717758-2239,https://www.zillow.com/b/the-westmont-manhattan-ny-5XjXRH/,The Westmont ," 730 Columbus Ave, New York, NY",0,"4,180","6,845","8,655",0,0,"https://photos.zillowstatic.com/fp/ab1dcb9187a54a2371ac766dc5a5290a-cc_ft_960.jpg,https://photos.zillowstatic.com/fp/f48bebc54569244292a56cbf88ac0c40-cc_ft_960.jpg,https://photos.zillowstatic.com/fp/dbd0fd33b813aedafc34b96242e87fbc-cc_ft_960.jpg,https://photos.zillowstatic.com/fp/74389590c47d7c52331860c6f642b4b3-cc_ft_960.jpg,https://photos.zillowstatic.com/fp/20b2ffd7f26635c12a372a5249a86ab4-cc_ft_960.jpg"
120,1680717760-2244,https://www.zillow.com/b/columbus-square-new-york-ny-5XTGhj/,Columbus Square ," 808 Columbus Ave, New York, NY","3,472","4,305","5,796",0,0,0,"https://photos.zillowstatic.com/fp/3c5253892469c6b361a3ef60786feff9-cc_ft_960.jpg,https://photos.zillowstatic.com/fp/d77e581afc93679058961211a8df5540-cc_ft_960.jpg,https://photos.zillowstatic.com/fp/c4083968ebe9f87948dabdb7ae00f6df-cc_ft_960.jpg,https://photos.zillowstatic.com/fp/6919ca544654065fa0b41a15e011505c-cc_ft_960.jpg,https://photos.zillowstatic.com/fp/450911973f139eb4475196f7963651e0-cc_ft_960.jpg"
121,1680717763-2249,https://www.zillow.com/b/gateway-new-york-ny-5XjY8c/,Gateway ," 389 S End Ave, New York, NY","3,500","4,120","6,035",0,0,0,"https://photos.zillowstatic.com/fp/f669ca5fae39e50ff135fcff4f1f5a14-cc_ft_960.jpg,https://photos.zillowstatic.com/fp/068dcac21de105fb6fe1bc72030b7ea2-cc_ft_960.jpg,https://photos.zillowstatic.com/fp/c62c23735ad832513827c87ace225991-cc_ft_960.jpg,https://photos.zillowstatic.com/fp/33d11dff020f89f10a58692ed3851c9e-cc_ft_960.jpg,https://photos.zillowstatic.com/fp/305decb35559fb3a688bbca22ce4d1bf-cc_ft_960.jpg"
122,1680717766-2254,https://www.zillow.com/b/parkside-manor-jamaica-ny-97j2sW/,Parkside Manor ," 14831 90th Ave, Jamaica, NY","1,970","2,270","2,900",0,0,0,"https://photos.zillowstatic.com/fp/edbf053a16fa4a39a3bd581391ba0d62-cc_ft_960.jpg,https://photos.zillowstatic.com/fp/d75e9af6961f6a15ed4df59beecf1a39-cc_ft_960.jpg,https://photos.zillowstatic.com/fp/8f73ccce4c7611ee9f90160014d1b0c0-cc_ft_960.jpg,https://photos.zillowstatic.com/fp/edbf053a16fa4a39a3bd581391ba0d62-cc_ft_960.jpg,https://photos.zillowstatic.com/fp/80f984a8315da06743c18c6b6b9c6018-cc_ft_960.jpg,https://photos.zillowstatic.com/fp/beeadeaf4ca0f66b82b1acd1fdef3188-cc_ft_960.jpg"
123,1680717769-2260,https://www.zillow.com/b/10-hanover-square-new-york-ny-5hC6r4/,10 Hanover Square ," 10 Hanover Sq, New York, NY","3,366","4,284","7,117",0,0,0,"https://photos.zillowstatic.com/fp/2af3de4b25cce04aa83771e5fee1273e-cc_ft_960.jpg,https://photos.zillowstatic.com/fp/a8b4fe50377c1465d3ba9645000bfdc8-cc_ft_960.jpg,https://photos.zillowstatic.com/fp/253f91ef282e3056b5a0c5106e199339-cc_ft_960.jpg,https://photos.zillowstatic.com/fp/ddf3d50bec6b7728bff64319f2f2fe50-cc_ft_960.jpg,https://photos.zillowstatic.com/fp/40c50d787a56f463ec912cc7b04c48bd-cc_ft_960.jpg"
124,1680717771-2265,https://www.zillow.com/b/atlas-new-york-manhattan-ny-27nq/,Atlas New York ," 66 W 38th St, New York, NY","3,775","4,695","7,595",0,0,0,"https://photos.zillowstatic.com/fp/54f0908e23799b4a8a5bee3ce313de10-cc_ft_960.jpg,https://photos.zillowstatic.com/fp/ab3dbe8281543a0ea71a3713e2273e8a-cc_ft_960.jpg,https://photos.zillowstatic.com/fp/c51019099ea75ced7a56971cb0dd53aa-cc_ft_960.jpg,https://photos.zillowstatic.com/fp/2a3ab278f70544d6441f4306153cc7e5-cc_ft_960.jpg,https://photos.zillowstatic.com/fp/e3c1a9c3a4b5dc734bf7da80c9b5edd1-cc_ft_960.jpg"
125,1680717774-2270,https://www.zillow.com/b/the-century-bronx-ny-37XF/,The Century ," 2600 Netherland Ave, Bronx, NY",0,"2,400",0,0,0,0,"https://photos.zillowstatic.com/fp/52b4ab4c1c834d971a10f42f58f7c082-cc_ft_960.jpg,https://photos.zillowstatic.com/fp/bdc8911a8fe989c6259b6971781acc28-cc_ft_960.jpg,https://photos.zillowstatic.com/fp/48320a436cb215798b4900dba63b49f5-cc_ft_960.jpg,https://photos.zillowstatic.com/fp/97984bd26000caa54c96568392f8a508-cc_ft_960.jpg,https://photos.zillowstatic.com/fp/0f49b637c527d59898862587eef8979c-cc_ft_960.jpg"
126,1680717776-2275,https://www.zillow.com/b/hillside-place-jamaica-ny-5Y2yqx/,Hillside Place ," 8750 167th St, Jamaica, NY","1,650","2,099","2,499",0,0,0,"https://photos.zillowstatic.com/fp/07aa2ce3f7e659e978e9820115ae0802-cc_ft_960.jpg,https://photos.zillowstatic.com/fp/8ac39ad03357d411f4a31c2d17e9be18-cc_ft_960.jpg,https://photos.zillowstatic.com/fp/1f09e2dddea65339829116e1b1d54e68-cc_ft_960.jpg,https://photos.zillowstatic.com/fp/cee867d18d4261b3ef1db62d27e43b09-cc_ft_960.jpg,https://photos.zillowstatic.com/fp/af9ce4c3d4678cd9a981ad8b1ff4e2e1-cc_ft_960.jpg"
127,1680717779-2280,https://www.zillow.com/b/140-60-beech-llc-flushing-ny-9h7wgW/,140-60 Beech LLC ," 140-60 Beech Ave, Flushing, NY","1,700","2,000","2,599",0,0,0,"https://photos.zillowstatic.com/fp/aff2fd719401677c777d8448b635b483-cc_ft_960.jpg,https://photos.zillowstatic.com/fp/e8d681e769dce5fc5f09a53259fd10c7-cc_ft_960.jpg,https://photos.zillowstatic.com/fp/4e2c458acfab388964be24c0fdcbaf49-cc_ft_960.jpg,https://photos.zillowstatic.com/fp/21fddf4aba3af07ff4fb19a78896b629-cc_ft_960.jpg,https://photos.zillowstatic.com/fp/3432317f957c20288f6ac7a35725b47c-cc_ft_960.jpg"
128,1680717782-2285,https://www.zillow.com/b/wavecrest-gardens-far-rockaway-ny-97knd2/,Wavecrest Gardens ," 20-10 Seagirt Blvd, Far Rockaway, NY","1,525","1,899","2,199",0,0,0,"https://photos.zillowstatic.com/fp/5e2d155e3c9bc044dd35b0179a5e96e7-cc_ft_960.jpg,https://photos.zillowstatic.com/fp/17a244ed97971ad47d744341384cf25d-cc_ft_960.jpg,https://photos.zillowstatic.com/fp/15c0f93bc64b992d6f57a86675836a2e-cc_ft_960.jpg,https://photos.zillowstatic.com/fp/51b51ce391d18d6b14b583e80497c4e2-cc_ft_960.jpg,https://photos.zillowstatic.com/fp/f2411fb41576358d4870704de5d67b73-cc_ft_960.jpg"
129,1680717784-2290,https://www.zillow.com/b/one-archer-jamaica-ny-CJV6CR/,One Archer ," 92 160th St, Jamaica, NY","2,320","2,575","3,550",0,0,0,"https://photos.zillowstatic.com/fp/4185ea207a718dded09aeb08de3cc6db-cc_ft_960.jpg,https://photos.zillowstatic.com/fp/e1f5ba515d9b491da189e465e7df6b8b-cc_ft_960.jpg,https://photos.zillowstatic.com/fp/8e067ebe9e20ec76dc16f000fc2447a6-cc_ft_960.jpg,https://photos.zillowstatic.com/fp/bb64151dba09295af159ab98f0220acb-cc_ft_960.jpg,https://photos.zillowstatic.com/fp/13f7f96b3d56bbf84eb6824dbe2d29a4-cc_ft_960.jpg"
130,1680717787-2295,https://www.zillow.com/b/jackson-park-long-island-city-ny-9j78gP/,Jackson Park ," 28 Jackson Ave, Long Island City, NY","3,112","3,346",0,0,0,0,"https://photos.zillowstatic.com/fp/7ab8ec1ee70b1d2740445e4939ce1bbd-cc_ft_960.jpg,https://photos.zillowstatic.com/fp/32fb2e9cf0242f8c02a5ded876f2c92d-cc_ft_960.jpg,https://photos.zillowstatic.com/fp/8d9c5437fa658755d3de1ead43d659ca-cc_ft_960.jpg,https://photos.zillowstatic.com/fp/46336996ddb98cc01308b465a0692ea0-cc_ft_960.jpg,https://photos.zillowstatic.com/fp/8a50082f49b033bcc2034f563c4f9218-cc_ft_960.jpg"
131,1680717789-2300,https://www.zillow.com/b/avalon-midtown-west-new-york-ny-5XVMHG/,Avalon Midtown West ," 250 W 50th St, New York, NY","3,492","4,081","6,291",0,0,0,"https://photos.zillowstatic.com/fp/f9af2351f0b229f953050f20b41683db-cc_ft_960.jpg,https://photos.zillowstatic.com/fp/f5961cbb8dbf3a61dba6e1ff21879fd4-cc_ft_960.jpg,https://photos.zillowstatic.com/fp/513c00725b7750794ee6f48a1a6d9b7c-cc_ft_960.jpg,https://photos.zillowstatic.com/fp/c035264a8d6b086bc71a22a16f9089f9-cc_ft_960.jpg,https://photos.zillowstatic.com/fp/fead1ef9482945668d2259a3656f6158-cc_ft_960.jpg"
132,1680717792-2305,https://www.zillow.com/b/the-lanthian-manhattan-ny-5Xj6v8/,The Lanthian ," 377 E 33rd St, New York, NY","4,102","4,448",0,"8,564",0,0,"https://photos.zillowstatic.com/fp/30a4f79a399ab5ddfc2f2aeae2e79689-cc_ft_960.jpg,https://photos.zillowstatic.com/fp/b73e25bd1a2e16240328cb68cbb7bf1d-cc_ft_960.jpg,https://photos.zillowstatic.com/fp/00f1cdf154d2baddf027bde8cb8d7b0e-cc_ft_960.jpg,https://photos.zillowstatic.com/fp/81840443641038b71f785d62f978090f-cc_ft_960.jpg,https://photos.zillowstatic.com/fp/3f9e9a4e40adb886c054acf92a76c7c9-cc_ft_960.jpg"
133,1680717795-2310,https://www.zillow.com/b/the-dylan-new-york-ny-3LSS/,The Dylan ," 309 5th Ave, New York, NY","3,183","5,532","8,821",0,0,0,"https://photos.zillowstatic.com/fp/83784de4e80279bb34565585b94ee7a6-cc_ft_960.jpg,https://photos.zillowstatic.com/fp/55d85fba0c181e581eda70c2bb1573a2-cc_ft_960.jpg,https://photos.zillowstatic.com/fp/5cb264f200dd83fc32551591c76e1b5a-cc_ft_960.jpg,https://photos.zillowstatic.com/fp/54a57ec37e726acfc18edbeed68002f6-cc_ft_960.jpg,https://photos.zillowstatic.com/fp/817588ac3f87b6614c3a88e4f873761c-cc_ft_960.jpg"
134,1680717797-2315,https://www.zillow.com/b/the-chelsea-new-york-ny-5XT2qW/,The Chelsea ," 160 W 24th St, New York, NY","3,869","5,431","7,983",0,0,0,"https://photos.zillowstatic.com/fp/c279950e4482537bd44ef4f9f34deff6-cc_ft_960.jpg,https://photos.zillowstatic.com/fp/3c383d3e2e2a029cd2840f37b7c9d19b-cc_ft_960.jpg,https://photos.zillowstatic.com/fp/cb299f3cb56a359150042ad2c0f367eb-cc_ft_960.jpg,https://photos.zillowstatic.com/fp/60e029a9af0e897ffbd053017af94b9b-cc_ft_960.jpg,https://photos.zillowstatic.com/fp/ee53c9648ae52f6a01d3c33f89ec97ff-cc_ft_960.jpg"
135,1680717800-2320,https://www.zillow.com/b/marquis-apartments-new-york-ny-6XCQ/,Marquis Apartments ," 150 E 34th St, New York, NY","3,225","4,295","5,755",0,0,0,"https://photos.zillowstatic.com/fp/9ecb358598c7d00de940c7ce646fbeff-cc_ft_960.jpg,https://photos.zillowstatic.com/fp/c64b296570d43daf27368670c0a2d68b-cc_ft_960.jpg,https://photos.zillowstatic.com/fp/352d0c55fa596a440c7353d23c9f149a-cc_ft_960.jpg,https://photos.zillowstatic.com/fp/725957a6574b68216333f141abac2792-cc_ft_960.jpg,https://photos.zillowstatic.com/fp/a650eee74d08fc289d30069ee8d66dfe-cc_ft_960.jpg"
136,1680717802-2325,https://www.zillow.com/b/fairfield-manor-at-douglaston-douglaston-ny-5Y2wdF/,Fairfield Manor at Douglaston ," 43 Douglaston Pkwy, Little Neck, NY","1,795","2,345","2,795",0,0,0,"https://photos.zillowstatic.com/fp/5638b8adbe6787a69a20e1408047402b-cc_ft_960.jpg,https://photos.zillowstatic.com/fp/7db6889771984c44475942531f4ec22c-cc_ft_960.jpg,https://photos.zillowstatic.com/fp/71e459ce4f78d60f91513352e4b1fc78-cc_ft_960.jpg,https://photos.zillowstatic.com/fp/1d8768e48edbb32253874e2c8c94d9f0-cc_ft_960.jpg,https://photos.zillowstatic.com/fp/3d12c2f61732cca5ab76eb294653ac7b-cc_ft_960.jpg"
137,1680717805-2330,https://www.zillow.com/b/park-haven-place-jamaica-ny-9hbn6z/,Park Haven Place ," 88 153rd St, Jamaica, NY","1,700","2,199","2,599",0,0,0,"https://photos.zillowstatic.com/fp/3733b055bcf7fdb0631546ded8bd6c3f-cc_ft_960.jpg,https://photos.zillowstatic.com/fp/ba9b11ae7666b43a705ba60fd59ede39-cc_ft_960.jpg,https://photos.zillowstatic.com/fp/4154fb600cf01bf20da04f1f321d64fe-cc_ft_960.jpg,https://photos.zillowstatic.com/fp/c72632eb4845de83b2ff15a1206a040a-cc_ft_960.jpg,https://photos.zillowstatic.com/fp/f3debc2ee896f37d2669a70261f5cc0a-cc_ft_960.jpg"
138,1680717808-2335,https://www.zillow.com/b/avalon-clinton-new-york-ny-5XVMSF/,Avalon Clinton ," 515 W 52nd St, New York, NY","3,265","4,465","7,536",0,0,0,"https://photos.zillowstatic.com/fp/a875d8136b9e924ec4eceecfee94ab58-cc_ft_960.jpg,https://photos.zillowstatic.com/fp/4b068f09373e8b6fe13072b35ed4eeda-cc_ft_960.jpg,https://photos.zillowstatic.com/fp/94643084dfd1a4173b9801232b8f9f5f-cc_ft_960.jpg,https://photos.zillowstatic.com/fp/f6d75d78854209097f7ee7a8b4421cc0-cc_ft_960.jpg,https://photos.zillowstatic.com/fp/c9e3cc6f32f6287b7950285ebef9d859-cc_ft_960.jpg"
139,1680717811-2340,https://www.zillow.com/b/waterside-new-york-ny-97QdBH/,Waterside ," 25 Waterside Plz, New York, NY","3,365","3,710","4,915","6,905",0,0,"https://photos.zillowstatic.com/fp/c5384b7a159b2584f23f0513efc50cfe-cc_ft_960.jpg,https://photos.zillowstatic.com/fp/3362b0f709de6aa88f37551401352765-cc_ft_960.jpg,https://photos.zillowstatic.com/fp/e889cd0e8e35fdd000ec25b78f2154c7-cc_ft_960.jpg,https://photos.zillowstatic.com/fp/6c74f61342ce8af5e80febb61113f105-cc_ft_960.jpg,https://photos.zillowstatic.com/fp/81abad8ba674a21eefd7c777938a7ace-cc_ft_960.jpg"
140,1680717814-2345,https://www.zillow.com/b/57-elmhurst-llc-elmhurst-ny-9jgb5j/,57 Elmhurst LLC ," 94-25 57th Ave, Elmhurst, NY","1,850","2,299","2,699","3,199",0,0,"https://photos.zillowstatic.com/fp/3db85180cfb8effea2a73c96f3aafe95-cc_ft_960.jpg,https://photos.zillowstatic.com/fp/1ca7b0140d6233a8749410feab220bae-cc_ft_960.jpg,https://photos.zillowstatic.com/fp/0c92e49ac93887c46f15582fd439c99a-cc_ft_960.jpg,https://photos.zillowstatic.com/fp/2fe8cee1ff60df130348fac9400a2bf4-cc_ft_960.jpg,https://photos.zillowstatic.com/fp/1b3d53cdc8ba8172b5c80cb050f256fe-cc_ft_960.jpg"
141,1680717816-2350,https://www.zillow.com/b/gotham-west-manhattan-ny-5XmBQy/,Gotham West ," 550 W 45th St, New York, NY","3,595","4,395","6,495","8,141",0,0,"https://photos.zillowstatic.com/fp/67353d6107b960e27d1dab81b0a83770-cc_ft_960.jpg,https://photos.zillowstatic.com/fp/b30692cb2c0c436676119a15bed7700b-cc_ft_960.jpg,https://photos.zillowstatic.com/fp/1e484e4445fae1a863ee59a5d4b244f9-cc_ft_960.jpg,https://photos.zillowstatic.com/fp/db37fe3db83dc494be505254ab5d7487-cc_ft_960.jpg,https://photos.zillowstatic.com/fp/339bdf00feced12e0d55317b00bfd95f-cc_ft_960.jpg"
142,1680717819-2355,https://www.zillow.com/b/the-ashland-brooklyn-ny-65X6Ys/,The Ashland ," 250 Ashland Pl, Brooklyn, NY","3,575","4,399",0,0,0,0,"https://photos.zillowstatic.com/fp/65d8d1ba949d63b1c6687c7eef3a565a-cc_ft_960.jpg,https://photos.zillowstatic.com/fp/d9a16564f6a8faeef1382c68c3a90975-cc_ft_960.jpg,https://photos.zillowstatic.com/fp/4fbf652565f1de2ae17fd42e79d98fc7-cc_ft_960.jpg"
143,1680717821-2358,https://www.zillow.com/b/345-e-94-apartments-new-york-ny-5Xj4MD/,345 E 94 Apartments ," 345 E 94th St, New York, NY",0,"4,190",0,0,0,0,"https://photos.zillowstatic.com/fp/8d034c1ec0c2fadc7ed9ee153bce5b5f-cc_ft_960.jpg,https://photos.zillowstatic.com/fp/da0a4666bdcab52dc2fe2cd13b61d5a1-cc_ft_960.jpg,https://photos.zillowstatic.com/fp/2987ec3ea43f8c638b0d4172b7e39f4c-cc_ft_960.jpg,https://photos.zillowstatic.com/fp/8c28b62387aad38500712587e5052005-cc_ft_960.jpg,https://photos.zillowstatic.com/fp/f94716d1f9c0d52e7df2af749ccd7307-cc_ft_960.jpg"
144,1680717823-2363,https://www.zillow.com/b/sven-lic-long-island-city-ny-C58vR2/,Sven LIC ," 29-59 Northern Blvd, Long Island City, NY","3,664","4,000","5,630","7,108",0,0,"https://photos.zillowstatic.com/fp/6d8c867225296ddf734ce644bfc54896-cc_ft_960.jpg,https://photos.zillowstatic.com/fp/43159e9deb85f9846b070a37aca62974-cc_ft_960.jpg,https://photos.zillowstatic.com/fp/9773f1345e3911a2de8bcff19285bede-cc_ft_960.jpg,https://photos.zillowstatic.com/fp/9ddef1eda91d9a28c27d3c828369a4b9-cc_ft_960.jpg,https://photos.zillowstatic.com/fp/4dc16325d53b120faa5f1a9bdf948ebd-cc_ft_960.jpg"
145,1680717826-2368,https://www.zillow.com/b/staten-island-urby-staten-island-ny-65gZtv/,Staten Island Urby ," 7 Navy Pier Ct, Staten Island, NY","2,481","2,610",0,0,0,0,"https://photos.zillowstatic.com/fp/78c1a798994661258f2dcb0e7f6cb21e-cc_ft_960.jpg,https://photos.zillowstatic.com/fp/65fb7897b02697d18f67f4e7dea54422-cc_ft_960.jpg,https://photos.zillowstatic.com/fp/0736ed27ac8b43f6b701553f9fe94fcc-cc_ft_960.jpg,https://photos.zillowstatic.com/fp/b1637b2660e70092a05d8aea5fe7d343-cc_ft_960.jpg,https://photos.zillowstatic.com/fp/d98b47d78c250aa82404227dd28c46ff-cc_ft_960.jpg"
